Date,Time,Group,Latitude,Longitude,Zone,Distance along tape,Dune position,Number active burrows,Number inactive burrows,Number burrows >2cm across,Ratio active burrows,Ratio >2cm across burrows,Litter cover,Number of trees,Number of ground plants,Coastal Banksia,Red Ash,Coastal Canthium,Native Cherry,Coastal Screw Pine,Coastal Wattle,Coastal She oak,Black Wattle,Twiggy Homoranthus,Mangrove Boobialla,Angular Pigface,Coast Headland Pea,Beach Morning Glory,Beach Primrose,Beach Sawthistle,Beach Couch,Beach Spinifex,Blady Grass,Blue Flax Lily,Coastal Jack Bean,Coastal Lovegrass,Devils Twine,Dune Oxalis,Emilia,Everlasting Daisy,Hillside Burrgrass,Marine Couch,Mossman River Grass,Native Cobblers Pegs,Scented Fan Flower,Snake Vine,Tape Vine,Yellow Beach Bean,Living ground cover
3/07/2014,8:40:25 AM,greencrabs,-25.59598043,153.0959251,0-20m,0,Upslope,0,0,0,NA,NA,0,0,0,0,0,0,0,0,0,0,0,0,0,0,0,0,0,0,0,0,0,0,0,0,0,0,0,0,0,0,0,0,0,0,0,0,0
3/07/2014,8:42:45 AM,greencrabs,-25.59598549,153.0958735,0-20m,5,Upslope,0,0,0,NA,NA,0,0,1,0,0,0,0,0,0,0,0,0,0,0,0,0,0,0,0,0.1,0,0,0,0,0,0,0,0,0,0,0,0,0,0,0,0,0.1
3/07/2014,8:45:04 AM,greencrabs,-25.59595724,153.0958312,0-20m,10,Upslope,0,0,0,NA,NA,0,0,1,0,0,0,0,0,0,0,0,0,0,0,0,0,0,0,0,0.05,0,0,0,0,0,0,0,0,0,0,0,0,0,0,0,0,0.05
3/07/2014,8:47:07 AM,greencrabs,-25.59598278,153.0958099,0-20m,15,Upslope,0,0,0,NA,NA,0,0,1,0,0,0,0,0,0,0,0,0,0,0,0,0,0,0,0,0.05,0,0,0,0,0,0,0,0,0,0,0,0,0,0,0,0,0.05
3/07/2014,8:49:01 AM,greencrabs,-25.59596554,153.0957941,0-20m,20,Crest,0,0,0,NA,NA,0,0,3,0,0,0,0,0,0,0,0,0,0,0,0,0,0,0,0,0.1,0.02,0,0,0,0,0,0,0,0,0,0,0,0.05,0,0,0,0.17
3/07/2014,8:53:10 AM,greencrabs,-25.59595705,153.0957835,20-40m,25,Downslope,2,2,2,0.5,0.5,0,0,3,0,0,0,0,0,0,0,0,0,0,0.05,0,0,0,0,0,0,0.15,0,0,0,0,0,0,0,0,0,0,0,0.8,0,0,0,1
3/07/2014,9:01:11 AM,greencrabs,-25.5959558,153.0957745,20-40m,30,Upslope,1,1,0,0.5,0,0.05,0,3,0,0,0,0,0,0,0,0,0,0,0,0,0,0,0,0.45,0.08,0,0,0,0,0,0,0,0,0,0,0,0,0.05,0,0,0,0.58
3/07/2014,9:11:54 AM,greencrabs,-25.59595437,153.0957669,20-40m,35,Upslope,0,0,0,NA,NA,0.8,0,4,0,0,0,0,0,0,0,0,0,0,0.05,0,0,0,0,0,0,0.05,0.05,0,0,0,0,0,0,0,0,0,0,0.09,0,0,0,0.24
3/07/2014,9:16:23 AM,greencrabs,-25.59594354,153.0957588,20-40m,40,Downslope,0,0,0,NA,NA,0.9,0,1,0,0,0,0,0,0,0,0,0,0,0,0,0,0,0,0,0,0.5,0,0,0,0,0,0,0,0,0,0,0,0,0,0,0,0.5
3/07/2014,9:19:00 AM,greencrabs,-25.59595157,153.095744,40-60m,45,Downslope,0,0,0,NA,NA,0.8,0,3,0,0,0,0,0,0,0,0,0,0,0,0,0,0,0,0,0,0.4,0.03,0,0,0,0,0,0,0,0,0,0,0,0,0.04,0,0.47
3/07/2014,9:23:00 AM,greencrabs,-25.59595284,153.0957377,40-60m,50,Trough,0,1,1,0,1,0.85,0,2,0,0,0,0,0,0,0,0,0,0,0,0,0,0,0,0,0,0.4,0.2,0,0,0,0,0,0,0,0,0,0,0,0,0,0,0.6
3/07/2014,9:29:45 AM,greencrabs,-25.5959552,153.0957344,40-60m,55,Trough,3,2,5,0.6,1,0.9,2,3,1,0,0,0,0,0,1,0,0,0,0,0,0,0,0,0,0,0.3,0,0,0,0,0,0,0,0,0,0,0,0,0.05,0.05,0,0.4
3/07/2014,9:37:11 AM,greencrabs,-25.59596264,153.0957302,40-60m,60,Trough,0,0,0,NA,NA,0.95,0,4,0,0,0,0,0,0,0,0,0,0,0,0,0,0,0,0,0,0.15,0.03,0,0,0,0,0,0,0,0,0,0,0,0.17,0.1,0,0.45
3/07/2014,9:41:55 AM,greencrabs,-25.59595643,153.095728,60-80m,65,Upslope,1,0,1,1,1,0.9,0,0,0,0,0,0,0,0,0,0,0,0,0,0,0,0,0,0,0,0,0,0,0,0,0,0,0,0,0,0,0,0,0,0,0,0
3/07/2014,9:47:35 AM,greencrabs,-25.59595698,153.0957216,60-80m,70,Upslope,1,0,1,1,1,0.25,1,2,0,0,0,0,0,0,1,0,0,0,0,0,0,0,0,0,0,0.2,0,0,0,0,0,0,0,0,0,0,0,0,0.5,0,0,0.7
3/07/2014,9:50:14 AM,greencrabs,-25.59595357,153.0957119,60-80m,75,Upslope,0,1,1,0,1,0.4,0,4,0,0,0,0,0,0,0,0,0,0,0,0,0,0,0,0,0,0.3,0.02,0,0,0,0,0,0,0,0,0,0,0.43,0.2,0,0,0.95
3/07/2014,9:55:16 AM,greencrabs,-25.59595348,153.0957061,60-80m,80,Crest,0,0,0,NA,NA,0.9,0,4,0,0,0,0,0,0,0,0,0,0,0,0,0,0,0,0,0,0.07,0.1,0,0,0,0,0,0,0,0,0,0,0.2,0,0.02,0,0.39
3/07/2014,8:45:18 AM,GG903,-25.59571918,153.0959057,0-20m,0,Upslope,0,0,0,NA,NA,0,0,0,0,0,0,0,0,0,0,0,0,0,0,0,0,0,0,0,0,0,0,0,0,0,0,0,0,0,0,0,0,0,0,0,0,0
3/07/2014,8:47:15 AM,GG903,-25.59572268,153.0959037,0-20m,5,Upslope,0,0,0,NA,NA,0,0,0,0,0,0,0,0,0,0,0,0,0,0,0,0,0,0,0,0,0,0,0,0,0,0,0,0,0,0,0,0,0,0,0,0,0
3/07/2014,8:48:25 AM,GG903,-25.59573301,153.0958958,0-20m,10,Upslope,0,0,0,NA,NA,0,0,1,0,0,0,0,0,0,0,0,0,0,0,0,0,0,0,0,0.01,0,0,0,0,0,0,0,0,0,0,0,0,0,0,0,0,0.01
3/07/2014,8:49:55 AM,GG903,-25.59570676,153.0958585,0-20m,15,Upslope,0,0,0,NA,NA,0,0,1,0,0,0,0,0,0,0,0,0,0,0,0,0,0,0,0,0.11,0,0,0,0,0,0,0,0,0,0,0,0,0,0,0,0,0.11
3/07/2014,8:52:59 AM,GG903,NA,NA,0-20m,20,Crest,0,0,0,NA,NA,0,1,0,0,0,0,0,0,0,1,0,0,0,0,0,0,0,0,0,0,0,0,0,0,0,0,0,0,0,0,0,0,0,0,0,0,0
3/07/2014,8:56:25 AM,GG903,-25.59567606,153.095676,20-40m,25,Trough,0,0,0,NA,NA,0,0,0,0,0,0,0,0,0,0,0,0,0,0,0,0,0,0,0,0,0,0,0,0,0,0,0,0,0,0,0,0,0,0,0,0,0
3/07/2014,8:58:26 AM,GG903,NA,NA,20-40m,30,Upslope,3,0,1,1,0.333333333,0,0,3,0,0,0,0,0,0,0,0,0,0,0.01,0,0,0,0,0,0.28,0,0,0,0,0,0.02,0,0,0,0,0,0,0,0,0,0,0.31
3/07/2014,9:02:23 AM,GG903,-25.59564694,153.0955467,20-40m,35,Crest,0,0,0,NA,NA,0,1,2,0,0,0,0,0,0,1,0,0,0,0,0,0,0,0,0,0,0.15,0.005,0,0,0,0,0,0,0,0,0,0,0,0,0,0,0.155
3/07/2014,9:07:52 AM,GG903,-25.59572204,153.0955671,20-40m,40,Downslope,0,1,1,0,1,0,0,1,0,0,0,0,0,0,0,0,0,0,0,0,0,0,0,0,0,0,0.98,0,0,0,0,0,0,0,0,0,0,0,0,0,0,0.98
3/07/2014,9:11:57 AM,GG903,-25.59566857,153.0954842,40-60m,45,Downslope,0,0,0,NA,NA,0.37,0,1,0,0,0,0,0,0,0,0,0,0,0,0,0,0,0,0,0,0.49,0,0,0,0,0,0,0,0,0,0,0,0,0,0,0,0.49
3/07/2014,9:14:15 AM,GG903,-25.59569038,153.0954347,40-60m,50,Trough,0,0,0,NA,NA,0.81,0,2,0,0,0,0,0,0,0,0,0,0,0,0,0,0,0,0,0,0.48,0,0,0,0,0,0,0,0,0,0,0,0,0,0,0,0.48
3/07/2014,9:17:19 AM,GG903,-25.59570853,153.095427,40-60m,55,Trough,0,0,0,NA,NA,0.97,0,2,0,0,0,0,0,0,0,0,0,0,0,0,0,0,0,0,0,0.18,0.03,0,0,0,0,0,0,0,0,0,0,0,0,0,0,0.21
3/07/2014,9:19:22 AM,GG903,-25.59574122,153.0954451,40-60m,60,Trough,0,1,1,0,1,0.95,0,4,0,0,0,0,0,0,0,0,0,0,0,0,0,0,0,0,0,0.33,0.01,0,0,0,0,0,0,0,0,0,0,0.35,0,0.005,0,0.695
3/07/2014,9:24:26 AM,GG903,-25.5957513,153.095432,60-80m,65,Trough,0,0,0,NA,NA,0.21,0,2,0,0,0,0,0,0,0,0,0,0,0,0,0,0,0,0,0,0.07,0,0,0,0,0,0,0,0,0,0,0,0.68,0,0,0,0.75
3/07/2014,9:31:17 AM,GG903,-25.5957318,153.0954027,60-80m,70,Upslope,0,0,0,NA,NA,0.72,0,2,0,0,0,0,0,0,0,0,0,0,0,0,0,0,0,0,0,0.09,0,0,0,0,0,0,0,0,0,0,0,0,0.22,0,0,0.31
3/07/2014,9:33:19 AM,GG903,-25.59575007,153.0953856,60-80m,75,Upslope,0,0,0,NA,NA,1,0,3,0,0,0,0,0,0,0,0,0,0,0,0,0,0,0,0,0,0.12,0,0,0,0,0,0,0,0,0,0,0,0,0.19,0.05,0,0.36
3/07/2014,9:36:47 AM,GG903,-25.59566817,153.0952799,60-80m,80,Upslope,0,0,0,NA,NA,1,0,2,0,0,0,0,0,0,0,0,0,0,0,0,0,0,0,0,0,0.08,0,0,0,0,0,0,0,0,0,0,0,0,0.02,0,0,0.1
3/07/2014,9:43:16 AM,GG903,-25.59568129,153.0952674,80m-100m,85,Crest,0,2,1,0,0.5,1,0,2,0,0,0,0,0,0,0,0,0,0,0,0,0,0,0,0,0,0.04,0,0,0,0,0,0,0,0,0,0,0,0,0.08,0,0,0.12
3/07/2014,8:41:28 AM,gethey,-25.59598695,153.0957952,0-20m,0,Upslope,0,0,0,NA,NA,0,0,0,0,0,0,0,0,0,0,0,0,0,0,0,0,0,0,0,0,0,0,0,0,0,0,0,0,0,0,0,0,0,0,0,0,0
3/07/2014,8:44:49 AM,gethey,NA,NA,0-20m,5,Upslope,0,0,0,NA,NA,0,0,0,0,0,0,0,0,0,0,0,0,0,0,0,0,0,0,0,0,0,0,0,0,0,0,0,0,0,0,0,0,0,0,0,0,0
3/07/2014,8:46:36 AM,gethey,NA,NA,0-20m,10,Upslope,0,0,0,NA,NA,0.02,0,1,0,0,0,0,0,0,0,0,0,0,0,0,0,0,0,0,0.04,0,0,0,0,0,0,0,0,0,0,0,0,0,0,0,0,0.04
3/07/2014,8:48:45 AM,gethey,-25.59579471,153.0959491,0-20m,15,Crest,0,0,0,NA,NA,0.1,0,1,0,0,0,0,0,0,0,0,0,0,0,0,0,0,0,0,0.03,0,0,0,0,0,0,0,0,0,0,0,0,0,0,0,0,0.03
3/07/2014,8:55:54 AM,gethey,-25.59579056,153.0958541,0-20m,20,Crest,0,0,0,NA,NA,0.02,0,0,0,0,0,0,0,0,0,0,0,0,0,0,0,0,0,0,0,0,0,0,0,0,0,0,0,0,0,0,0,0,0,0,0,0
3/07/2014,8:59:10 AM,gethey,-25.59578513,153.0958484,20-40m,25,Trough,0,0,0,NA,NA,0.005,0,1,0,0,0,0,0,0,0,0,0,0,0,0,0,0,0,0,0,0,0,0,0,0,0,0,0,0,0,0,0,0.01,0,0,0,0.01
3/07/2014,9:05:08 AM,gethey,-25.59577809,153.0958435,20-40m,30,Upslope,0,0,0,NA,NA,0.2,0,1,0,0,0,0,0,0,0,0,0,0,0,0,0,0,0,0,0,0,0,0,0,0,0,0,0,0,0.4,0,0,0,0,0,0,0.4
3/07/2014,9:09:26 AM,gethey,-25.59577345,153.0958398,20-40m,35,Upslope,0,0,0,NA,NA,0.45,0,3,0,0,0,0,0,0,0,0,0,0,0,0,0.01,0,0,0,0,0,0,0,0,0,0,0,0,0,0.17,0,0,0.15,0,0,0,0.33
3/07/2014,9:13:43 AM,gethey,-25.59569503,153.0956935,20-40m,40,Downslope,0,0,0,NA,NA,0.5,0,2,0,0,0,0,0,0,0,0,0,0,0,0,0,0,0,0,0,0,0.17,0,0,0,0,0,0,0,0.08,0,0,0,0,0,0,0.25
3/07/2014,9:18:57 AM,gethey,-25.59573094,153.0956179,40-60m,45,Trough,0,0,0,NA,NA,0.7,1,2,1,0,0,0,0,0,0,0,0,0,0,0,0,0,0,0,0,0,0.14,0,0,0,0,0,0,0,0.08,0,0,0,0,0,0,0.22
3/07/2014,9:23:58 AM,gethey,-25.59572442,153.0956118,40-60m,50,Trough,0,0,0,NA,NA,0.55,1,2,1,0,0,0,0,0,0,0,0,0,0,0,0,0,0,0,0,0,0.07,0,0,0,0,0,0,0,0.14,0,0,0,0,0,0,0.21
3/07/2014,9:26:34 AM,gethey,-25.59570921,153.0955842,40-60m,55,Upslope,0,2,2,0,1,0.55,0,2,0,0,0,0,0,0,0,0,0,0,0,0,0,0,0,0,0,0,0,0,0,0,0,0,0,0,0.39,0,0,0,0.06,0,0,0.45
3/07/2014,9:31:35 AM,gethey,-25.59570984,153.0955141,40-60m,60,Trough,1,1,1,0.5,0.5,0.35,0,2,0,0,0,0,0,0,0,0,0,0,0,0,0,0,0,0,0,0,0,0,0,0,0,0,0,0,0.06,0,0,0,0.73,0,0,0.79
3/07/2014,9:35:16 AM,gethey,-25.59572159,153.095478,60-80m,65,Trough,0,2,0,0,0,0.37,0,3,0,0,0,0,0,0,0,0,0,0,0,0,0,0,0,0,0,0,0,0,0,0,0,0,0,0,0,0,0,0.45,0.14,0.02,0,0.61
3/07/2014,9:39:40 AM,gethey,-25.59573858,153.0954395,60-80m,70,Upslope,0,1,1,0,1,0.5,1,3,1,0,0,0,0,0,0,0,0,0,0,0,0,0,0,0,0,0.2,0,0,0,0,0,0,0,0,0.2,0,0,0,0,0.07,0,0.47
3/07/2014,9:43:47 AM,gethey,-25.59575875,153.0953985,60-80m,75,Upslope,0,1,1,0,1,0.4,0,2,0,0,0,0,0,0,0,0,0,0,0,0,0,0,0,0,0,0.4,0,0,0,0,0,0,0,0,0,0,0,0,0,0.02,0,0.42
3/07/2014,9:48:41 AM,gethey,-25.59576784,153.0953509,60-80m,80,Crest,0,2,2,0,1,0.5,1,1,1,0,0,0,0,0,0,0,0,0,0,0,0,0,0,0,0,0.15,0,0,0,0,0,0,0,0,0,0,0,0,0,0,0,0.15
3/07/2014,8:44:35 AM,Annie & Ofalia,-25.59621499,153.095832,0-20m,0,Upslope,0,0,0,NA,NA,0,0,1,0,0,0,0,0,0,0,0,0,0,0,0,0,0,0,0,0.05,0,0,0,0,0,0,0,0,0,0,0,0,0,0,0,0,0.05
3/07/2014,8:48:17 AM,Annie & Ofalia,-25.59623939,153.0957909,0-20m,5,Upslope,0,0,0,NA,NA,0,0,0,0,0,0,0,0,0,0,0,0,0,0,0,0,0,0,0,0,0,0,0,0,0,0,0,0,0,0,0,0,0,0,0,0,0
3/07/2014,8:50:38 AM,Annie & Ofalia,-25.59622973,153.0957817,0-20m,10,Upslope,0,0,0,NA,NA,0.1,0,1,0,0,0,0,0,0,0,0,0,0,0,0,0,0,0,0,0,0,0,0,0,0,0,0,0,0,0,0,0,0,0,0,0,0
3/07/2014,8:52:03 AM,Annie & Ofalia,-25.59622974,153.0957805,0-20m,15,Upslope,0,0,0,NA,NA,0,1,1,0,0,0,0,0,0,1,0,0,0,0,0,0,0,0,0,0.5,0,0,0,0,0,0,0,0,0,0,0,0,0,0,0,0,0.5
3/07/2014,8:56:33 AM,Annie & Ofalia,-25.59620891,153.0957714,0-20m,20,Upslope,0,2,1,0,0.5,0.01,0,2,0,0,0,0,0,0,0,0,0,0,0,0,0,0,0,0,0.4,0,0,0,0,0,0.1,0,0,0,0,0,0,0,0,0,0,0.5
3/07/2014,9:02:46 AM,Annie & Ofalia,-25.59620938,153.0957533,20-40m,25,Downslope,0,0,0,NA,NA,0.05,0,3,0,0,0,0,0,0,0,0,0,0,0,0,0.1,0.3,0,0,0.3,0,0,0,0,0,0,0,0,0,0,0,0,0,0,0,0,0.7
3/07/2014,9:06:55 AM,Annie & Ofalia,-25.59619951,153.0957375,20-40m,30,Upslope,0,1,1,0,1,0.8,1,1,1,0,0,0,0,0,0,0,0,0,0,0,0,0,0,0,0,0.2,0,0,0,0,0,0,0,0,0,0,0,0,0,0,0,0.2
3/07/2014,9:09:52 AM,Annie & Ofalia,-25.5962014,153.0957295,20-40m,35,Crest,0,0,0,NA,NA,0.4,1,1,0,0,0,0,0,0,1,0,0,0,0,0,0,0,0,0,0,0.6,0,0,0,0,0,0,0,0,0,0,0,0,0,0,0,0.6
3/07/2014,9:11:13 AM,Annie & Ofalia,-25.59619861,153.0957223,20-40m,40,Downslope,0,0,0,NA,NA,0.4,1,1,0,0,0,0,0,0,1,0,0,0,0,0,0,0,0,0,0,0.6,0,0,0,0,0,0,0,0,0,0,0,0,0,0,0,0.6
3/07/2014,9:13:26 AM,Annie & Ofalia,-25.59619203,153.0957121,40-60m,45,Trough,0,0,0,NA,NA,0.6,1,1,0,0,0,0,0,0,1,0,0,0,0,0,0,0,0,0,0,0.4,0,0,0,0,0,0,0,0,0,0,0,0,0,0,0,0.4
3/07/2014,9:15:46 AM,Annie & Ofalia,-25.59619084,153.0957,40-60m,50,Trough,0,1,1,0,1,0.8,0,2,0,0,0,0,0,0,0,0,0,0,0,0,0,0,0,0,0,0.1,0.1,0,0,0,0,0,0,0,0,0,0,0,0,0,0,0.2
3/07/2014,9:18:34 AM,Annie & Ofalia,-25.5961889,153.0956944,40-60m,55,Trough,0,0,0,NA,NA,0.8,0,2,0,0,0,0,0,0,0,0,0,0,0,0,0,0,0,0,0,0.05,0.15,0,0,0,0,0,0,0,0,0,0,0,0,0,0,0.2
3/07/2014,9:20:24 AM,Annie & Ofalia,-25.59618813,153.0956889,40-60m,60,Trough,0,0,0,NA,NA,0.1,1,2,1,0,0,0,0,0,0,0,0,0,0,0,0,0,0,0.3,0,0,0,0,0,0,0,0,0,0,0,0,0,0,0.7,0,0,1
3/07/2014,9:29:26 AM,Annie & Ofalia,-25.59616118,153.0956678,60-80m,65,Trough,0,0,0,NA,NA,0.8,0,3,0,0,0,0,0,0,0,0,0,0,0,0,0,0,0,0.1,0,0,0.05,0,0,0,0,0,0,0,0,0,0,0,0,0.05,0,0.2
3/07/2014,9:33:55 AM,Annie & Ofalia,-25.59615881,153.0956641,60-80m,70,Trough,0,0,0,NA,NA,0.8,0,2,0,0,0,0,0,0,0,0,0,0,0,0,0,0,0,0,0,0,0,0,0,0,0,0,0,0,0,0,0,0,0.15,0.05,0,0.2
3/07/2014,9:38:13 AM,Annie & Ofalia,-25.59615522,153.0956503,60-80m,75,Upslope,0,0,0,NA,NA,0.3,0,3,0,0,0,0,0,0,0,0,0,0,0,0,0,0,0,0,0,0,0.02,0,0,0,0,0,0,0,0,0,0,0,0.65,0.03,0,0.7
3/07/2014,9:41:18 AM,Annie & Ofalia,-25.59615314,153.0956393,60-80m,80,Upslope,0,0,0,NA,NA,0.5,1,3,1,0,0,0,0,0,0,0,0,0,0,0,0,0,0,0,0,0,0.1,0,0,0,0,0,0,0,0,0,0,0,0.3,0.1,0,0.5
4/07/2014,8:38:53 AM,tvm,-25.59892786,153.0950892,0-20m,0,Trough,0,0,0,NA,NA,0,0,0,0,0,0,0,0,0,0,0,0,0,0,0,0,0,0,0,0,0,0,0,0,0,0,0,0,0,0,0,0,0,0,0,0,0
4/07/2014,8:48:25 AM,tvm,-25.59891863,153.0950653,0-20m,5,Trough,0,0,0,NA,NA,0,0,0,0,0,0,0,0,0,0,0,0,0,0,0,0,0,0,0,0,0,0,0,0,0,0,0,0,0,0,0,0,0,0,0,0,0
4/07/2014,8:49:47 AM,tvm,-25.59892562,153.0950491,0-20m,10,Upslope,0,0,0,NA,NA,0,0,1,0,0,0,0,0,0,0,0,0,0,0,0,0,0,0,0,0.05,0,0,0,0,0,0,0,0,0,0,0,0,0,0,0,0,0.05
4/07/2014,8:57:30 AM,tvm,-25.59891744,153.0950379,0-20m,15,Upslope,0,0,0,NA,NA,0.001,0,1,0,0,0,0,0,0,0,0,0,0,0,0,0,0,0,0,0.001,0,0,0,0,0,0,0,0,0,0,0,0,0,0,0,0,0.001
4/07/2014,8:58:30 AM,tvm,-25.59891594,153.0949209,0-20m,20,Upslope,0,0,0,NA,NA,0,0,1,0,0,0,0,0,0,0,0,0,0,0,0,0,0,0,0,0.2,0,0,0,0,0,0,0,0,0,0,0,0,0,0,0,0,0.2
4/07/2014,9:02:13 AM,tvm,NA,NA,20-40m,25,Crest,0,1,0,0,0,0,0,1,0,0,0,0,0,0,0,0,0,0,0,0,0,0,0,0,0.16,0,0,0,0,0,0,0,0,0,0,0,0,0,0,0,0,0.16
4/07/2014,9:10:27 AM,tvm,-25.59882378,153.0948027,20-40m,30,Crest,1,0,0,1,0,0.04,0,1,0,0,0,0,0,0,0,0,0,0,0,0,0,0,0,0,0.1,0,0,0,0,0,0,0,0,0,0,0,0,0,0,0,0,0.1
4/07/2014,9:14:18 AM,tvm,-25.59882292,153.0947225,20-40m,35,Crest,1,0,0,1,0,0,0,1,0,0,0,0,0,0,0,0,0,0,0,0,0,0,0,0,0.07,0,0,0,0,0,0,0,0,0,0,0,0,0,0,0,0,0.07
4/07/2014,9:17:00 AM,tvm,-25.59881611,153.094716,20-40m,40,Downslope,0,0,0,NA,NA,0.28,1,3,0,0,0,0,0,0,1,0,0,0,0,0,0,1.00E-04,0,0.2,0.05,0,0,0,0,0,0,0,0,0,0,0,0,0,0,0,0,0.2501
4/07/2014,9:25:40 AM,tvm,-25.59881744,153.0947086,40-60m,45,Upslope,0,0,0,NA,NA,0.94,1,3,0,0,0,0,0,0,1,0,0,0,0.05,0,0,0.05,0,0.23,0,0,0,0,0,0,0,0,0,0,0,0,0,0,0,0,0,0.33
4/07/2014,9:31:20 AM,tvm,-25.59871779,153.0944249,40-60m,50,Crest,0,2,1,0,0.5,0.35,0,4,0,0,0,0,0,0,0,0,0,0,0,0,0,0.02,0,0.3,0,0,0.04,0,1.00E-04,0,0,0,0,0,0,0,0,0,0,0,0,0.3601
4/07/2014,9:43:49 AM,tvm,-25.59872309,153.0944292,40-60m,55,Downslope,1,0,0,1,0,0.8,0,3,0,0,0,0,0,0,0,0,0,0,0,0,0,0.03,0,0.3,0,0,0.15,0,0,0,0,0,0,0,0,0,0,0,0,0,0,0.48
4/07/2014,9:49:33 AM,tvm,-25.59869108,153.0945116,40-60m,60,Downslope,0,0,0,NA,NA,0.9,0,3,0,0,0,0,0,0,0,0,0,0,0,0,0,0.2,0,0,0,0.03,0.03,0,0,0,0,0,0,0,0,0,0,0,0,0,0,0.26
4/07/2014,9:51:18 AM,tvm,-25.59868258,153.0945084,60-80m,65,Trough,2,1,2,0.666666667,0.666666667,0.9,0,3,0,0,0,0,0,0,0,0,0,0,0,0,0,0.1,0,NA,0,0.05,0,0,0,0,0,0,0,0,0,0,0,0,0,0,0,NA
4/07/2014,9:55:38 AM,tvm,NA,NA,60-80m,70,Trough,0,0,0,NA,NA,0.9,0,0,0,0,0,0,0,0,0,0,0,0,0,0,0,0,0,0,0,0,0,0,0,0,0,0,0,0,0,0,0,0,0,0,0,0
4/07/2014,9:56:04 AM,tvm,-25.59866146,153.0944772,60-80m,75,Upslope,0,2,0,0,0,NA,0,2,0,0,0,0,0,0,0,0,0,0,0,0,0,0,0,0.3,0,0,0,0,0,0,0,0,0,0,0,0,0,0.02,0,0,0,0.32
4/07/2014,9:58:16 AM,tvm,-25.5986237,153.0944271,60-80m,80,Upslope,0,0,0,NA,NA,0.7,0,3,0,0,0,0,0,0,0,0,0,0,0,0,0,0,0,0,0,0.02,0,0,0,0,0.05,0,0,0,0.2,0,0,0,0,0,0,0.27
4/07/2014,10:00:44 AM,tvm,-25.59860982,153.0944284,80m-100m,85,Crest,0,0,0,NA,NA,1,0,3,0,0,0,0,0,0,0,0,0,0,0,0,0,0.02,0,0.02,0,0,0,0,0,0,0,0,0.05,0,0,0,0,0,0,0,0,0.09
4/07/2014,10:05:04 AM,tvm,-25.59858616,153.0943923,80m-100m,90,Upslope,0,0,0,NA,NA,1,0,2,0,0,0,0,0,0,0,0,0,0,0,0,0,0,0,0,0,0,0.03,0,0,0,0,0,0,0,0,0,0,0,0.5,0,0,0.53
4/07/2014,8:44:38 AM,JOJ,-25.5984783,153.0949706,0-20m,0,Trough,0,0,0,NA,NA,0,0,0,0,0,0,0,0,0,0,0,0,0,0,0,0,0,0,0,0,0,0,0,0,0,0,0,0,0,0,0,0,0,0,0,0,0
4/07/2014,8:47:12 AM,JOJ,-25.59849312,153.0950053,0-20m,5,Trough,0,1,0,0,0,0,0,0,0,0,0,0,0,0,0,0,0,0,0,0,0,0,0,0,0,0,0,0,0,0,0,0,0,0,0,0,0,0,0,0,0,0
4/07/2014,8:48:24 AM,JOJ,-25.59853502,153.0950532,0-20m,10,Upslope,0,0,0,NA,NA,0,0,0,0,0,0,0,0,0,0,0,0,0,0,0,0,0,0,0,0,0,0,0,0,0,0,0,0,0,0,0,0,0,0,0,0,0
4/07/2014,8:49:34 AM,JOJ,-25.59860487,153.0949504,0-20m,15,Upslope,0,1,0,0,0,0.05,0,1,0,0,0,0,0,0,0,0,0,0,0,0,0,0,0,0,0.3,0,0,0,0,0,0,0,0,0,0,0,0,0,0,0,0,0.3
4/07/2014,8:52:28 AM,JOJ,-25.59859984,153.0949067,0-20m,20,Crest,1,1,0,0.5,0,0,0,1,0,0,0,0,0,0,0,0,0,0,0,0,0,0,0,0,0.2,0,0,0,0,0,0,0,0,0,0,0,0,0,0,0,0,0.2
4/07/2014,8:55:23 AM,JOJ,-25.59860315,153.0949469,20-40m,25,Crest,0,3,0,0,0,0.1,0,3,0,0,0,0,0,0,0,0,0,0,0.01,0,0,0,0,0.02,0.15,0,0,0,0,0,0,0,0,0,0,0,0,0,0,0,0,0.18
4/07/2014,9:02:17 AM,JOJ,-25.59857007,153.0947861,20-40m,30,Crest,1,1,0,0.5,0,0.7,0,2,0,0,0,0,0,0,0,0,0,0,0,0,0,0.01,0,0.2,0,0,0,0,0,0,0,0,0,0,0,0,0,0,0,0,0,0.21
4/07/2014,9:06:18 AM,JOJ,-25.5985605,153.0947102,20-40m,35,Crest,0,0,0,NA,NA,0.95,1,2,0,0,0,0,0,0,1,0,0,0,0,0,0,0,0,0.45,0.02,0,0,0,0,0,0,0,0,0,0,0,0,0,0,0,0,0.47
4/07/2014,9:12:36 AM,JOJ,-25.59878039,153.0948386,20-40m,40,Crest,1,2,1,0.333333333,0.333333333,0.98,1,4,0,0,0,0,0,0,1,0,0,0,0,0,0,0.01,0,0.5,0.1,0,0.005,0,0,0,0,0,0,0,0,0,0,0,0,0,0,0.615
4/07/2014,9:17:51 AM,JOJ,-25.59846278,153.0945926,40-60m,45,Crest,3,0,0,1,0,0.96,1,1,0,0,0,0,0,0,1,0,0,0,0,0,0,0,0,0.1,0,0,0,0,0,0,0,0,0,0,0,0,0,0,0,0,0,0.1
4/07/2014,9:20:36 AM,JOJ,-25.59870107,153.0946909,40-60m,50,Crest,1,2,2,0.333333333,0.666666667,0.4,2,2,1,0,0,0,0,0,1,0,0,0,0,0,0,0.05,0,0.05,0,0,0,0,0,0,0,0,0,0,0,0,0,0,0,0,0,0.1
4/07/2014,9:23:14 AM,JOJ,-25.59845503,153.0946036,40-60m,55,Downslope,0,4,0,0,0,0.05,0,1,0,0,0,0,0,0,0,0,0,0,0,0,0,0,0,0.05,0,0,0,0,0,0,0,0,0,0,0,0,0,0,0,0,0,0.05
4/07/2014,9:25:17 AM,JOJ,-25.59844831,153.0944971,40-60m,60,Trough,0,1,0,0,0,0.5,1,1,0,0,0,0,0,1,0,0,0,0,0,0,0,0,0,0.1,0,0,0,0,0,0,0,0,0,0,0,0,0,0,0,0,0,0.1
4/07/2014,9:29:15 AM,JOJ,-25.59843672,153.0944906,60-80m,65,Trough,1,0,1,1,1,0.95,1,1,0,0,0,0,0,1,0,0,0,0,0,0,0,0,0,0.1,0,0,0,0,0,0,0,0,0,0,0,0,0,0,0,0,0,0.1
4/07/2014,9:31:21 AM,JOJ,-25.59839403,153.0944474,60-80m,70,Trough,0,0,0,NA,NA,0.8,1,2,1,0,0,0,0,0,0,0,0,0,0,0,0,0.04,0,0.15,0,0,0,0,0,0,0,0,0,0,0,0,0,0,0,0,0,0.19
4/07/2014,9:36:14 AM,JOJ,-25.59833174,153.0943988,60-80m,75,Upslope,0,0,0,NA,NA,0.4,0,3,0,0,0,0,0,0,0,0,0,0,0.03,0,0,0.1,0,0.1,0,0,0,0,0,0,0,0,0,0,0,0,0,0,0,0,0,0.23
4/07/2014,9:42:11 AM,JOJ,-25.59812075,153.094342,60-80m,80,Upslope,2,2,2,0.5,0.5,0.75,0,5,0,0,0,0,0,0,0,0,0,0,0.01,0,0,0.1,0,0.15,0,0,0.03,0,0.25,0,0,0,0,0,0,0,0,0,0,0,0,0.54
4/07/2014,9:45:11 AM,JOJ,-25.59834317,153.0943641,80m-100m,85,Crest,0,2,0,0,0,0.6,0,3,0,0,0,0,0,0,0,0,0,0,0,0,0,0,0,0,0,0,0.1,0,0,0,0,0,0,0,0.2,0,0,0,0.15,0,0,0.45
4/07/2014,9:48:04 AM,JOJ,-25.59825019,153.094313,80m-100m,90,Downslope,1,0,0,1,0,0.95,1,2,0,0,0,0,0,1,0,0,0,0,0,0,0,0,0,0.2,0,0,0,0,0,0,0,0,0,0,0,0,0,0,0.3,0,0,0.5
4/07/2014,8:51:07 AM,gal pals,NA,NA,0-20m,0,Upslope,0,0,0,NA,NA,0,0,0,0,0,0,0,0,0,0,0,0,0,0,0,0,0,0,0,0,0,0,0,0,0,0,0,0,0,0,0,0,0,0,0,0,0
4/07/2014,8:46:21 AM,gal pals,-25.59873301,153.0950268,0-20m,5,Upslope,0,0,0,NA,NA,0.01,0,0,0,0,0,0,0,0,0,0,0,0,0,0,0,0,0,0,0,0,0,0,0,0,0,0,0,0,0,0,0,0,0,0,0,0
4/07/2014,8:52:46 AM,gal pals,-25.59875572,153.0950724,0-20m,10,Upslope,1,0,0,1,0,NA,0,1,0,0,0,0,0,0,0,0,0,0,0,0,0,0,0,0,0.05,0,0,0,0,0,0,0,0,0,0,0,0,0,0,0,0,0.05
4/07/2014,8:56:24 AM,gal pals,-25.59872977,153.0949972,0-20m,15,Upslope,0,0,0,NA,NA,0.05,0,1,0,0,0,0,0,0,0,0,0,0,0,0,0,0,0,0,0.5,0,0,0,0,0,0,0,0,0,0,0,0,0,0,0,0,0.5
4/07/2014,9:00:21 AM,gal pals,-25.59872051,153.0949723,0-20m,20,Upslope,1,1,0,0.5,0,0.05,0,1,0,0,0,0,0,0,0,0,0,0,0,0,0,0,0,0,0.3,0,0,0,0,0,0,0,0,0,0,0,0,0,0,0,0,0.3
4/07/2014,9:03:21 AM,gal pals,-25.59869891,153.0949514,20-40m,25,Crest,1,1,1,0.5,0.5,0.4,1,1,0,0,0,0,0,0,1,0,0,0,0,0,0,0,0,0,0.1,0,0,0,0,0,0,0,0,0,0,0,0,0,0,0,0,0.1
4/07/2014,9:05:52 AM,gal pals,-25.59868434,153.0949371,20-40m,30,Crest,0,1,0,0,0,0.8,0,2,0,0,0,0,0,0,0,0,0,0,0,0,0,0.05,0,0,0.15,0,0,0,0,0,0,0,0,0,0,0,0,0,0,0,0,0.2
4/07/2014,9:09:01 AM,gal pals,-25.59868934,153.094919,20-40m,35,Crest,0,1,0,0,0,0.95,0,2,0,0,0,0,0,0,0,0,0,0,0,0,0,0.05,0,0.5,0,0,0,0,0,0,0,0,0,0,0,0,0,0,0,0,0,0.55
4/07/2014,9:12:29 AM,gal pals,-25.59863428,153.0947076,20-40m,40,Trough,0,0,0,NA,NA,0.98,0,2,0,0,0,0,0,0,0,0,0,0,0,0,0,0,0,0.7,0.01,0,0,0,0,0,0,0,0,0,0,0,0,0,0,0,0,0.71
4/07/2014,9:14:14 AM,gal pals,-25.5986138,153.0946859,40-60m,45,Trough,1,0,0,1,0,0.7,0,1,0,0,0,0,0,0,0,0,0,0,0,0,0,0,0,0.7,0,0,0,0,0,0,0,0,0,0,0,0,0,0,0,0,0,0.7
4/07/2014,9:18:00 AM,gal pals,-25.598612,153.0946733,40-60m,50,Crest,0,0,0,NA,NA,1,1,1,0,0,0,0,0,0,1,0,0,0,0,0,0,0,0,0.2,0,0,0,0,0,0,0,0,0,0,0,0,0,0,0,0,0,0.2
4/07/2014,9:19:51 AM,gal pals,-25.59854778,153.0945995,40-60m,55,Downslope,1,1,1,0.5,0.5,0.5,1,1,1,0,0,0,0,0,0,0,0,0,0,0,0,0,0,0.4,0,0,0,0,0,0,0,0,0,0,0,0,0,0,0,0,0,0.4
4/07/2014,9:22:18 AM,gal pals,-25.59852313,153.094598,40-60m,60,Trough,0,2,2,0,1,1,1,3,0,0,0,0,0,0,1,0,0,0,0,0,0,0.05,0,0.35,0,0,0.6,0,0,0,0,0,0,0,0,0,0,0,0,0,0,1
4/07/2014,9:25:15 AM,gal pals,-25.59852413,153.0945597,60-80m,65,Trough,0,0,0,NA,NA,1,1,2,0,0,0,0,0,0,1,0,0,0,0,0,0,0.05,0,0.8,0,0,0,0,0,0,0,0,0,0,0,0,0,0,0,0,0,0.85
4/07/2014,9:27:12 AM,gal pals,-25.59852138,153.0945456,60-80m,70,Trough,1,1,2,0.5,1,0.85,0,3,0,0,0,0,0,0,0,0,0,0,0,0,0,0,0,0.5,0,0.03,0,0,0,0,0,0,0,0,0,0,0,0.2,0,0,0,0.73
4/07/2014,9:30:12 AM,gal pals,-25.5985048,153.0944988,60-80m,75,Trough,0,0,0,NA,NA,1,2,2,1,0,0,0,0,1,0,0,0,0,0,0,0,0,0,0.5,0,0,0,0,0,0,0,0,0,0,0,0,0,0.25,0,0,0,0.75
4/07/2014,9:32:08 AM,gal pals,-25.59845986,153.0944212,60-80m,80,Upslope,1,0,1,1,1,1,1,3,1,0,0,0,0,0,0,0,0,0,0.2,0,0,0,0,0.6,0,0,0,0,0,0,0,0,0,0,0,0,0,0.15,0,0,0,0.95
4/07/2014,9:34:02 AM,gal pals,-25.59844916,153.0943903,80m-100m,85,Upslope,3,1,3,0.75,0.75,0.9,1,3,1,0,0,0,0,0,0,0,0,0,0.25,0,0,0.05,0,0.6,0,0,0,0,0,0,0,0,0,0,0,0,0,0,0,0,0,0.9
4/07/2014,9:36:29 AM,gal pals,-25.5984503,153.0943832,80m-100m,90,Crest,1,0,0,1,0,0.6,0,1,0,0,0,0,0,0,0,0,0,0,0,0,0,0,0,0.5,0,0,0,0,0,0,0,0,0,0,0,0,0,0,0,0,0,0.5
4/07/2014,9:37:36 AM,gal pals,-25.59843319,153.0943284,80m-100m,95,Crest,1,0,0,1,0,0.85,1,2,1,0,0,0,0,0,0,0,0,0,0,0,0,0,0,0.8,0,0,0,0,0,0,0,0,0,0,0,0,0,0.03,0,0,0,0.83
4/07/2014,9:39:09 AM,gal pals,-25.59843241,153.0942938,80m-100m,100,Downslope,0,2,0,0,0,0.4,2,3,1,0,0,0,0,0,1,0,0,0,0,0,0,0,0,0.1,0,0.15,0,0,0,0,0,0,0.05,0,0,0,0,0,0,0,0,0.3
4/07/2014,8:52:26 AM,NS,-25.59901534,153.0949968,0-20m,5,Upslope,0,0,0,NA,NA,0,0,0,0,0,0,0,0,0,0,0,0,0,0,0,0,0,0,0,0,0,0,0,0,0,0,0,0,0,0,0,0,0,0,0,0,0
4/07/2014,8:54:54 AM,NS,-25.5990197,153.0949941,0-20m,10,Upslope,0,0,0,NA,NA,0,0,1,0,0,0,0,0,0,0,0,0,0,0,0,0,0,0,0,0.05,0,0,0,0,0,0,0,0,0,0,0,0,0,0,0,0,0.05
4/07/2014,8:56:44 AM,NS,-25.59901797,153.0949678,0-20m,15,Upslope,0,0,0,NA,NA,0.05,0,1,0,0,0,0,0,0,0,0,0,0,0,0,0,0,0,0,0.05,0,0,0,0,0,0,0,0,0,0,0,0,0,0,0,0,0.05
4/07/2014,8:58:27 AM,NS,-25.59901773,153.0949531,0-20m,20,Upslope,0,0,0,NA,NA,0,0,1,0,0,0,0,0,0,0,0,0,0,0,0,0,0,0,0,0.15,0,0,0,0,0,0,0,0,0,0,0,0,0,0,0,0,0.15
4/07/2014,9:00:04 AM,NS,-25.59900646,153.0948562,20-40m,25,Upslope,0,0,0,NA,NA,0,0,1,0,0,0,0,0,0,0,0,0,0,0,0,0,0,0,0,0.4,0,0,0,0,0,0,0,0,0,0,0,0,0,0,0,0,0.4
4/07/2014,9:02:20 AM,NS,-25.59890987,153.0947361,20-40m,30,Upslope,0,1,0,0,0,0,0,2,0,0,0,0,0,0,0,0,0,0,0,0,0,0.05,0,0,0.2,0,0,0,0,0,0,0,0,0,0,0,0,0,0,0,0,0.25
4/07/2014,9:07:24 AM,NS,-25.59892662,153.0947268,20-40m,35,Crest,0,1,0,0,0,0.05,0,4,0,0,0,0,0,0,0,0,0,0,0,0,0,0.05,0,0,0.1,0,0,0,0,0,0,0,0,0,0.05,0,0,0.05,0,0,0,0.25
4/07/2014,9:15:17 AM,NS,-25.59889118,153.0946821,20-40m,40,Crest,0,2,0,0,0,0.15,0,3,0,0,0,0,0,0,0,0,0,0,0,0,0.05,0,0,0,0.05,0,0,0,0,0,0,0,0,0,0.3,0,0,0,0,0,0,0.4
4/07/2014,9:20:14 AM,NS,-25.59893368,153.094688,40-60m,45,Crest,1,0,1,1,1,0.6,0,2,0,0,0,0,0,0,0,0,0,0,0.15,0,0,0,0,0,0,0,0,0,0,0,0,0,0,0,0.2,0,0,0,0,0,0,0.35
4/07/2014,9:25:42 AM,NS,NA,NA,40-60m,50,Crest,1,1,1,0.5,0.5,0.4,1,1,1,0,0,0,0,0,0,0,0,0,0,0,0,0,0,0,0,0,0,0,0,0,0,0,0,0,0.05,0,0,0,0,0,0,0.05
4/07/2014,9:34:28 AM,NS,-25.59882278,153.0945562,40-60m,55,Downslope,1,0,0,1,0,0.15,0,2,0,0,0,0,0,0,0,0,0,0,0,0,0.05,0,0,0,0,0,0,0,0,0,0,0,0,0,0.2,0,0,0,0,0,0,0.25
4/07/2014,9:38:02 AM,NS,-25.59880026,153.0945005,40-60m,60,Downslope,1,1,0,0.5,0,0.1,0,2,0,0,0,0,0,0,0,0,0,0,0,0,0,0,0,0,0,0.05,0,0,0,0,0,0,0,0,0.2,0,0,0,0,0,0,0.25
4/07/2014,9:42:11 AM,NS,-25.59880494,153.0944772,60-80m,65,Trough,1,0,0,1,0,0.75,0,2,0,0,0,0,0,0,0,0,0,0,0,0,0,0,0,0,0,0,0,0,0.1,0,0,0,0,0,0.05,0,0,0,0,0,0,0.15
4/07/2014,9:48:48 AM,NS,-25.59880143,153.0944247,60-80m,70,Trough,0,0,0,NA,NA,0.15,0,3,0,0,0,0,0,0,0,0,0,0,0,0,0.1,0,0,0,0,0.05,0,0,0,0,0,0,0,0,0.1,0,0,0,0,0,0,0.25
4/07/2014,9:52:28 AM,NS,-25.59878309,153.0944207,60-80m,75,Trough,1,1,1,0.5,0.5,0.1,0,3,0,0,0,0,0,0,0,0,0,0,0,0,0,0,0,0,0,0,0,0,0,0,0,0,0,0,0.05,0,0,0.05,0.2,0,0,0.3
4/07/2014,9:32:35 AM,NS,-25.59877633,153.0943571,60-80m,80,Crest,2,0,2,1,1,0.1,0,2,0,0,0,0,0,0,0,0,0,0,0,0,0,0,0,0,0,0,0,0,0.15,0,0,0,0,0,0.2,0,0,0,0,0,0,0.35
5/07/2014,9:51:13 AM,teamo supremo yellow 2,NA,NA,60-80m,70,Upslope,0,0,0,NA,NA,0.9,0,2,0,0,0,0,0,0,0,0,0,0,0,0,0,0,0,0,0,0,0,0,0,0,0,0,0,0,0.6,0,0,0,0.05,0,0,0.65
5/07/2014,9:48:17 AM,teamo supremo yellow 2,NA,NA,60-80m,75,Upslope,1,1,2,0.5,1,1,0,4,0,0,0,0,0,0,0,0,0,0,0,0,0,0,0,0,0,0,0.05,0,0,0,0,0,0,0,0.05,0,0,0,0.2,0.1,0,0.3
5/07/2014,9:46:38 AM,teamo supremo yellow 2,NA,NA,60-80m,80,Upslope,0,2,2,0,1,0.7,0,2,0,0,0,0,0,0,0,0,0,0,0,0,0,0,0,0,0,0,0,0,0,0,0,0,0,0,0.1,0,0,0,0.9,0,0,1
5/07/2014,8:51:17 AM,Lucy and Morgan,NA,NA,0-20m,0,Upslope,2,0,0,1,0,0,0,0,0,0,0,0,0,0,0,0,0,0,0,0,0,0,0,0,0,0,0,0,0,0,0,0,0,0,0,0,0,0,0,0,0,0
5/07/2014,8:58:20 AM,Lucy and Morgan,NA,NA,0-20m,5,Upslope,1,0,0,1,0,0,0,1,0,0,0,0,0,0,0,0,0,0,0,0,0,0,0,0,0.01,0,0,0,0,0,0,0,0,0,0,0,0,0,0,0,0,0.01
5/07/2014,9:00:36 AM,Lucy and Morgan,-25.59522477,153.0961908,0-20m,10,Upslope,0,0,0,NA,NA,0.01,0,1,0,0,0,0,0,0,0,0,0,0,0,0,0,0,0,0,0.2,0,0,0,0,0,0,0,0,0,0,0,0,0,0,0,0,0.2
5/07/2014,9:02:05 AM,Lucy and Morgan,-25.5951997,153.0961871,0-20m,15,Upslope,0,1,0,0,0,0,0,1,0,0,0,0,0,0,0,0,0,0,0,0,0,0,0,0,0.15,0,0,0,0,0,0,0,0,0,0,0,0,0,0,0,0,0.15
5/07/2014,9:04:08 AM,Lucy and Morgan,-25.59519956,153.0961804,0-20m,20,Upslope,0,0,0,NA,NA,0,0,1,0,0,0,0,0,0,0,0,0,0,0,0,0,0,0,0,0.02,0,0,0,0,0,0,0,0,0,0,0,0,0,0,0,0,0.02
5/07/2014,9:05:51 AM,Lucy and Morgan,-25.59520184,153.0961786,20-40m,25,Crest,0,2,0,0,0,0,0,1,0,0,0,0,0,0,0,0,0,0,0,0,0,0,0,0,0.25,0,0,0,0,0,0,0,0,0,0,0,0,0,0,0,0,0.25
5/07/2014,9:11:43 AM,Lucy and Morgan,-25.59513074,153.0961403,20-40m,30,Downslope,0,1,0,0,0,0,0,3,0,0,0,0,0,0,0,0,0,0,0,0,0.02,0,0,0,0.05,0,0,0,0,0,0,0,0,0,0,0,0,0.01,0,0,0,0.08
5/07/2014,9:18:07 AM,Lucy and Morgan,-25.59520783,153.096009,20-40m,35,Upslope,1,2,1,0.333333333,0.333333333,0.05,1,2,0,0,0,0,0,0,1,0,0,0,0,0,0,0,0,0,0.05,0,0,0,0,0,0,0,0,0,0,0,0,0.25,0,0,0,0.3
5/07/2014,9:25:22 AM,Lucy and Morgan,-25.59508914,153.0959339,20-40m,40,Upslope,0,2,1,0,0.5,0.3,1,2,0,0,0,0,0,0,1,0,0,0,0,0,0,0,0,0.06,0,0,0,0,0,0,0,0,0,0,0,0,0,0.25,0,0,0,0.31
5/07/2014,9:32:22 AM,Lucy and Morgan,-25.5950881,153.0958762,40-60m,45,Crest,0,1,0,0,0,0.4,0,3,0,0,0,0,0,0,0,0,0,0,0,0,0,0,0,0.3,0,0,0,0,0,0,0,0,0,0,0.1,0,0,0.2,0,0,0,0.6
5/07/2014,9:37:57 AM,Lucy and Morgan,-25.59509949,153.0958355,40-60m,50,Downslope,0,1,0,0,0,0.05,0,3,0,0,0,0,0,0,0,0,0,0,0,0,0,0.06,0,0.8,0,0,0,0,0,0,0,0,0,0,0.05,0,0,0,0,0,0,0.91
5/07/2014,9:41:08 AM,Lucy and Morgan,-25.59509196,153.0958127,40-60m,55,Trough,0,0,0,NA,NA,0.15,0,2,0,0,0,0,0,0,0,0,0,0,0,0,0,0,0,0.6,0,0,0,0,0,0,0,0,0,0,0.07,0,0,0,0,0,0,0.67
5/07/2014,9:44:29 AM,Lucy and Morgan,-25.59508749,153.0958024,40-60m,60,Trough,0,0,0,NA,NA,0.6,0,4,0,0,0,0,0,0,0,0,0,0,0.02,0,0,0,0,0.3,0,0,0,0,0,0,0,0,0,0,0.03,0,0,0,0,0.02,0,0.35
5/07/2014,9:49:45 AM,Lucy and Morgan,-25.59503265,153.0957166,60-80m,65,Upslope,0,2,1,0,0.5,0.4,0,3,0,0,0,0,0,0,0,0,0,0,0,0,0,0,0,0.25,0,0,0,0,0,0,0,0,0,0,0.02,0,0,0,0.15,0,0,0.42
5/07/2014,8:46:39 AM,haydencherrymaria,NA,NA,0-20m,0,Trough,0,0,0,NA,NA,0,0,0,0,0,0,0,0,0,0,0,0,0,0,0,0,0,0,0,0,0,0,0,0,0,0,0,0,0,0,0,0,0,0,0,0,0
5/07/2014,8:51:38 AM,haydencherrymaria,-25.59531733,153.0961438,0-20m,5,Trough,0,0,0,NA,NA,0,0,0,0,0,0,0,0,0,0,0,0,0,0,0,0,0,0,0,0,0,0,0,0,0,0,0,0,0,0,0,0,0,0,0,0,0
5/07/2014,8:55:42 AM,haydencherrymaria,-25.59530884,153.0961358,0-20m,10,Upslope,0,1,0,0,0,0.01,0,1,0,0,0,0,0,0,0,0,0,0,0,0,0,0,0,0,0.06,0,0,0,0,0,0,0,0,0,0,0,0,0,0,0,0,0.06
5/07/2014,8:58:52 AM,haydencherrymaria,-25.59563253,153.0958317,0-20m,15,Upslope,0,0,0,NA,NA,0.06,0,0,0,0,0,0,0,0,0,0,0,0,0,0,0,0,0,0,0,0,0,0,0,0,0,0,0,0,0,0,0,0,0,0,0,0
5/07/2014,9:00:53 AM,haydencherrymaria,-25.59537775,153.0960937,0-20m,20,Downslope,0,0,0,NA,NA,0,1,2,0,0,0,0,0,0,1,0,0,0,0,0,0,0,0,0.05,0,0,0,0,0,0,0,0,0,0,0,0,0,0.02,0,0,0,0.07
5/07/2014,9:08:42 AM,haydencherrymaria,-25.59545004,153.0960501,20-40m,25,Crest,0,1,1,0,1,0.05,1,2,1,0,0,0,0,0,0,0,0,0,0,0,0,0,0,0,0.2,0,0,0,0,0,0,0,0,0,0,0,0,0.1,0,0,0,0.3
5/07/2014,9:12:36 AM,haydencherrymaria,-25.59542812,153.0960639,20-40m,30,Upslope,1,0,0,1,0,0.15,1,1,0,0,0,0,0,0,1,0,0,0,0,0,0,0,0,0.85,0,0,0,0,0,0,0,0,0,0,0,0,0,0,0,0,0,0.85
5/07/2014,9:22:06 AM,haydencherrymaria,-25.59537266,153.0960989,20-40m,35,Crest,1,0,1,1,1,0.1,0,3,0,0,0,0,0,0,0,0,0,0,0.01,0,0,0,0,0.2,0,0,0,0,0,0,0,0,0,0,0,0,0,0.45,0,0,0,0.66
5/07/2014,9:27:27 AM,haydencherrymaria,-25.59558666,153.0956289,20-40m,40,Crest,0,0,0,NA,NA,0.5,0,2,0,0,0,0,0,0,0,0,0,0,0,0,0,0,0,0.05,0,0,0,0,0,0,0,0,0,0,0,0,0,0.45,0,0,0,0.5
5/07/2014,9:35:35 AM,haydencherrymaria,-25.59553832,153.0956463,40-60m,45,Downslope,4,0,2,1,0.5,0.6,0,2,0,0,0,0,0,0,0,0,0,0,0,0,0,0,0,0.1,0,0,0,0,0,0,0,0,0,0,0,0,0,0,0,0,0,0.1
5/07/2014,9:42:23 AM,haydencherrymaria,-25.59549811,153.0956575,40-60m,50,Downslope,1,3,4,0.25,1,0.5,1,2,0,0,0,0,0,0,1,0,0,0,0,0,0,0,0,0.85,0,0.03,0,0,0,0,0,0,0,0,0,0,0,0,0,0,0,0.88
5/07/2014,9:48:41 AM,haydencherrymaria,-25.59547565,153.0956637,40-60m,55,Trough,1,0,1,1,1,0.5,1,3,1,0,0,0,0,0,0,0,0,0,0,0,0,0,0,0.1,0,0,0.5,0,0,0,0,0,0,0,0,0,0,0,0.06,0,0,0.66
5/07/2014,9:55:48 AM,haydencherrymaria,-25.59547952,153.0956612,40-60m,60,Crest,1,0,1,1,1,0.8,1,2,1,0,0,0,0,0,0,0,0,0,0,0,0,0,0,0.05,0,0,0,0,0,0,0,0,0,0,0,0,0,0,0.5,0,0,0.55
5/07/2014,9:59:14 AM,haydencherrymaria,-25.59549559,153.0956558,60-80m,65,Crest,1,0,1,1,1,0.75,1,2,1,0,0,0,0,0,0,0,0,0,0,0,0,0,0,0,0,0.25,0,0,0,0,0,0,0,0,0,0,0,0,0.2,0,0,0.45
5/07/2014,10:01:59 AM,haydencherrymaria,-25.5954937,153.0956545,60-80m,70,Crest,2,1,3,0.666666667,1,0.2,2,2,1,0,0,0,0,0,1,0,0,0,0,0,0,0,0,0,0,0.8,0,0,0,0,0,0,0,0,0,0,0,0,0.1,0,0,0.9
5/07/2014,10:04:47 AM,haydencherrymaria,-25.59554766,153.0953404,60-80m,75,Upslope,0,1,1,0,1,0.95,2,1,1,0,0,0,0,0,1,0,0,0,0,0,0,0,0,0,0,0,0,0,0,0,0,0,0,0,0,0,0,0,0.9,0,0,0.9
5/07/2014,10:02:30 AM,haydencherrymaria,NA,NA,60-80m,80,Upslope,0,1,1,0,1,0.8,0,1,0,0,0,0,0,0,0,0,0,0,0,0,0,0,0,0,0,0,0,0,0,0,0,0,0,0,0,0,0,0,0.4,0,0,0.4
5/07/2014,9:59:44 AM,haydencherrymaria,NA,NA,80m-100m,85,NA,0,0,0,NA,NA,0.8,0,3,0,0,0,0,0,0,0,0,0,0,0,0,0,0,0,0,0,0.05,0,0,0,0,0,0,0,0,0,0,0,0,0.7,0.05,0,0.75
5/07/2014,8:46:06 AM,teamo supremo yellow,-25.59535866,153.0960781,0-20m,0,Upslope,0,2,0,0,0,0,0,0,0,0,0,0,0,0,0,0,0,0,0,0,0,0,0,0,0,0,0,0,0,0,0,0,0,0,0,0,0,0,0,0,0,0
5/07/2014,8:48:49 AM,teamo supremo yellow,-25.59536938,153.0960477,0-20m,5,Upslope,0,2,0,0,0,0,0,1,0,0,0,0,0,0,0,0,0,0,0,0,0,0,0,0,0.4,0,0,0,0,0,0,0,0,0,0,0,0,0,0,0,0,0.4
5/07/2014,8:50:42 AM,teamo supremo yellow,-25.59537283,153.0960145,0-20m,10,Upslope,0,2,0,0,0,0,0,1,0,0,0,0,0,0,0,0,0,0,0,0,0,0,0,0,0.1,0,0,0,0,0,0,0,0,0,0,0,0,0,0,0,0,0.1
5/07/2014,8:51:58 AM,teamo supremo yellow,-25.59535999,153.0960152,0-20m,15,Upslope,1,1,1,0.5,0.5,0,0,1,0,0,0,0,0,0,0,0,0,0,0,0,0,0,0,0,0.1,0,0,0,0,0,0,0,0,0,0,0,0,0,0,0,0,0.1
5/07/2014,8:53:03 AM,teamo supremo yellow,-25.59535022,153.0960152,0-20m,20,Upslope,1,0,1,1,1,0,0,1,0,0,0,0,0,0,0,0,0,0,0,0,0,0,0,0,0.2,0,0,0,0,0,0,0,0,0,0,0,0,0,0,0,0,0.2
5/07/2014,8:55:14 AM,teamo supremo yellow,-25.59542513,153.09582,20-40m,25,Downslope,0,0,0,NA,NA,0,1,1,1,0,0,0,0,0,0,0,0,0,0,0,0,0,0,0,0,0,0,0,0,0,0,0,0,0,0,0,0,0.05,0,0,0,0.05
5/07/2014,8:59:07 AM,teamo supremo yellow,-25.59535519,153.0958317,20-40m,30,Downslope,0,4,0,0,0,0.05,0,3,0,0,0,0,0,0,0,0,0,0,0,0,0,0,0,0.6,0.2,0,0,0,0,0,0,0,0,0,0,0,0,0.4,0,0,0,1.2
5/07/2014,9:03:02 AM,teamo supremo yellow,-25.59532977,153.0958242,20-40m,35,Upslope,0,3,1,0,0.333333333,0,0,3,0,0,0,0,0,0,0,0,0,0,0,0,0,0.05,0,0.4,0,0,0,0,0,0,0,0,0,0,0,0,0,0.1,0,0,0,0.55
5/07/2014,9:05:51 AM,teamo supremo yellow,-25.59530279,153.0958163,20-40m,40,Upslope,0,0,0,NA,NA,0.1,0,2,0,0,0,0,0,0,0,0,0,0,0,0,0,0,0,0,0,0,0,0,0,0,0,0,0,0,0.2,0,0,0.6,0,0,0,0.8
5/07/2014,9:08:31 AM,teamo supremo yellow,-25.59528644,153.095805,40-60m,45,Crest,0,1,0,0,0,0,0,2,0,0,0,0,0,0,0,0,0,0,0.75,0,0,0,0,0,0,0,0,0,0,0,0,0,0,0,0.6,0,0,0,0,0,0,1.35
5/07/2014,9:13:01 AM,teamo supremo yellow,-25.59527853,153.0957892,40-60m,50,Downslope,0,0,0,NA,NA,0.2,0,2,0,0,0,0,0,0,0,0,0,0,0,0,0,0,0,0,0,0,0.1,0,0,0,0,0,0,0,0.9,0,0,0,0,0,0,1
5/07/2014,9:19:16 AM,teamo supremo yellow,NA,NA,40-60m,55,Trough,0,3,1,0,0.333333333,0.5,0,2,0,0,0,0,0,0,0,0,0,0,0,0,0,0,0,0,0,0,0.1,0,0,0,0,0,0,0,0.5,0,0,0,0,0,0,0.6
5/07/2014,9:25:38 AM,teamo supremo yellow,NA,NA,40-60m,60,Trough,1,2,1,0.333333333,0.333333333,0.8,0,2,0,0,0,0,0,0,0,0,0,0,0,0,0,0,0,0,0,0,0.1,0,0,0,0,0,0,0,0.2,0,0,0,0,0,0,0.3
5/07/2014,9:28:42 AM,teamo supremo yellow,-25.59550125,153.0950158,60-80m,65,Upslope,0,2,1,0,0.5,0.4,0,2,0,0,0,0,0,0,0,0,0,0,0,0,0,0,0,0,0,0,0.05,0,0,0,0,0,0,0,1,0,0,0,0,0,0,1.05
5/07/2014,9:31:59 AM,teamo supremo yellow,NA,NA,60-80m,70,Upslope,3,0,3,1,1,0.9,0,2,0,0,0,0,0,0,0,0,0,0,0,0,0,0,0,0,0,0,0,0,0,0,0,0,0,0,0.2,0,0,0,0.5,0,0,0.7
5/07/2014,9:34:36 AM,teamo supremo yellow,NA,NA,60-80m,75,Upslope,2,1,2,0.666666667,0.666666667,0.6,0,3,0,0,0,0,0,0,0,0,0,0,0,0,0,0,0,0,0,0,0,0,0,0,0,0,0,0,0.3,0,0,0,0.1,0.2,0,0.4
5/07/2014,9:39:55 AM,teamo supremo yellow,NA,NA,60-80m,80,Upslope,0,0,0,NA,NA,0.2,0,3,0,0,0,0,0,0,0,0,0,0,0.2,0,0,0,0,0,0,0.8,0,0,0,0,0,0,0,0,0,0,0,0,0,0.1,0,1
5/07/2014,8:41:14 AM,the Hannah's,-25.59497653,153.0962595,0-20m,0,Upslope,0,1,0,0,0,0.01,0,0,0,0,0,0,0,0,0,0,0,0,0,0,0,0,0,0,0,0,0,0,0,0,0,0,0,0,0,0,0,0,0,0,0,0
5/07/2014,8:45:31 AM,the Hannah's,-25.59497182,153.0962557,0-20m,5,Upslope,1,0,0,1,0,0,0,1,0,0,0,0,0,0,0,0,0,0,0,0,0,0,0,0,0.15,0,0,0,0,0,0,0,0,0,0,0,0,0,0,0,0,0.15
5/07/2014,8:47:37 AM,the Hannah's,-25.59496911,153.0962467,0-20m,10,Upslope,0,0,0,NA,NA,0,0,1,0,0,0,0,0,0,0,0,0,0,0,0,0,0,0,0,0.01,0,0,0,0,0,0,0,0,0,0,0,0,0,0,0,0,0.01
5/07/2014,8:48:52 AM,the Hannah's,-25.59497327,153.0962371,0-20m,15,Upslope,0,1,0,0,0,0,0,1,0,0,0,0,0,0,0,0,0,0,0,0,0,0,0,0,0.07,0,0,0,0,0,0,0,0,0,0,0,0,0,0,0,0,0.07
5/07/2014,8:52:17 AM,the Hannah's,-25.59497461,153.0962176,0-20m,20,Crest,0,0,0,NA,NA,0,0,1,0,0,0,0,0,0,0,0,0,0,0,0,0,0,0,0,0.01,0,0,0,0,0,0,0,0,0,0,0,0,0,0,0,0,0.01
5/07/2014,8:53:40 AM,the Hannah's,-25.59497499,153.0962021,20-40m,25,Downslope,0,0,0,NA,NA,0.01,0,2,0,0,0,0,0,0,0,0,0,0,0,0,0,0.05,0,0,0.04,0,0,0,0,0,0,0,0,0,0,0,0,0,0,0,0,0.09
5/07/2014,8:56:10 AM,the Hannah's,-25.59497668,153.0961795,20-40m,30,Trough,0,0,0,NA,NA,0.02,0,2,0,0,0,0,0,0,0,0,0,0,0,0,0,0,0,0,0.06,0,0,0,0,0,0,0,0,0,0,0,0,0.12,0,0,0,0.18
5/07/2014,9:02:42 AM,the Hannah's,-25.59491731,153.0959598,20-40m,35,Upslope,0,0,0,NA,NA,0.13,0,2,0,0,0,0,0,0,0,0,0,0,0,0,0,0,0,0,0.13,0,0,0,0,0,0,0,0,0,0,0,0,0.8,0,0,0,0.93
5/07/2014,9:12:43 AM,the Hannah's,-25.59487303,153.0959102,20-40m,40,Upslope,0,0,0,NA,NA,0.8,1,1,0,0,0,0,0,0,2,0,0,0,0,0,0,0,0,0,0,0,0.17,0,0,0,0,0,0,0,0,0,0,0,0,0,0,0.17
5/07/2014,9:21:29 AM,the Hannah's,-25.59488459,153.095884,40-60m,45,Upslope,0,1,1,0,1,0.84,0,2,0,0,0,0,0,0,0,0,0,0,0,0,0,0,0,0.07,0,0,0.08,0,0,0,0,0,0,0,0,0,0,0,0,0,0,0.15
5/07/2014,9:23:39 AM,the Hannah's,-25.5948561,153.0958139,40-60m,50,Downslope,0,1,0,0,0,0.8,1,2,0,0,0,0,0,0,1,0,0,0,0,0,0,0,0,0.19,0,0,0.01,0,0,0,0,0,0,0,0,0,0,0,0,0,0,0.2
5/07/2014,9:26:38 AM,the Hannah's,-25.5948326,153.0957821,40-60m,55,Downslope,0,1,0,0,0,0.3,1,1,0,0,0,0,0,0,1,0,0,0,0,0,0,0,0,0.7,0,0,0,0,0,0,0,0,0,0,0,0,0,0,0,0,0,0.7
5/07/2014,9:29:12 AM,the Hannah's,-25.59482471,153.0957547,40-60m,60,Trough,1,1,0,0.5,0,0.85,1,2,0,0,0,0,0,0,1,0,0,0,0,0,0,0,0,0.05,0,0,0.05,0,0,0,0,0,0,0,0,0,0,0,0,0,0,0.1
5/07/2014,9:32:09 AM,the Hannah's,-25.59483561,153.0957875,60-80m,65,Trough,NA,NA,NA,NA,NA,0.46,0,4,0,0,0,0,0,0,0,0,0,0,0,0,0,0,0,0.5,0,0,0.02,0,0,0,0,0,0,0,0,0,0,0,0.01,0.01,0,0.53
5/07/2014,9:36:21 AM,the Hannah's,-25.59482988,153.0957628,60-80m,70,Trough,0,0,0,NA,NA,0.8,2,4,1,0,0,0,0,0,1,0,0,0,0,0,0,0,0,0.05,0,0.03,0.01,0,0,0,0,0,0,0,0,0,0,0,0,0,0,0.09
5/07/2014,9:39:48 AM,the Hannah's,-25.59481895,153.0957719,60-80m,75,Upslope,1,0,1,1,1,0.25,1,3,1,0,0,0,0,0,0,0,0,0,0,0,0,0,0,0,0,0.75,0,0,0,0,0,0,0,0,0,0,0,0,0.05,0.1,0,0.8
5/07/2014,9:47:07 AM,the Hannah's,-25.59481591,153.0957573,60-80m,80,Upslope,0,1,1,0,1,NA,0,2,0,0,0,0,0,0,0,0,0,0,0,0,0,0,0,0,0,0.95,0,0,0,0,0,0,0,0,0,0,0,0,0.05,0,0,1
6/07/2014,8:57:11 AM,Craig and berilin,NA,NA,0-20m,0,Upslope,0,NA,0,NA,NA,0.03,0,0,0,0,0,0,0,0,0,0,0,0,0,0,0,0,0,0,0,0,0,0,0,0,0,0,0,0,0,0,0,0,0,0,0,0
6/07/2014,9:02:57 AM,Craig and berilin,NA,NA,0-20m,5,Upslope,1,1,1,0.5,0.5,0.01,0,1,0,0,0,0,0,0,0,0,0,0,0,0,0,0,0,0,0.15,0,0,0,0,0,0,0,0,0,0,0,0,0,0,0,0,0.15
6/07/2014,9:06:40 AM,Craig and berilin,NA,NA,0-20m,10,Upslope,0,0,0,NA,NA,0,0,1,0,0,0,0,0,0,0,0,0,0,0,0,0,0,0,0,0.09,0,0,0,0,0,0,0,0,0,0,0,0,0,0,0,0,0.09
6/07/2014,9:10:34 AM,Craig and berilin,-25.60049721,153.094348,0-20m,15,Upslope,0,1,0,0,0,0.03,0,1,0,0,0,0,0,0,0,0,0,0,0,0,0,0,0,0,0.22,0,0,0,0,0,0,0,0,0,0,0,0,0,0,0,0,0.22
6/07/2014,9:15:19 AM,Craig and berilin,-25.60051083,153.0943412,0-20m,20,Upslope,0,3,0,0,0,0.04,0,2,0,0,0,0,0,0,0,0,0,0,0.13,0,0,0,0,0,0.32,0,0,0,0,0,0,0,0,0,0,0,0,0,0,0,0,0.45
6/07/2014,9:19:47 AM,Craig and berilin,-25.60049608,153.0943343,20-40m,25,Crest,0,2,0,0,0,0.4,1,2,0,0,0,0,0,0,1,0,0,0,0,0,0,0,0,0,0.07,0.01,0,0,0,0,0,0,0,0,0,0,0,0,0,0,0,0.08
6/07/2014,9:24:06 AM,Craig and berilin,-25.60039211,153.0940438,20-40m,30,Crest,0,2,1,0,0.5,0.3,0,2,0,0,0,0,0,0,0,0,0,0,0,0,0,0,0,0,0.2,0.02,0,0,0,0,0,0,0,0,0,0,0,0,0,0,0,0.22
6/07/2014,9:32:06 AM,Craig and berilin,-25.60043203,153.09423,20-40m,35,Trough,0,0,0,NA,NA,0.3,1,2,0,0,0,0,0,0,1,0,0,0,0,0,0,0,0,0.68,0,0.02,0,0,0,0,0,0,0,0,0,0,0,0,0,0,0,0.7
6/07/2014,9:38:28 AM,Craig and berilin,-25.60040161,153.094143,20-40m,40,Upslope,0,2,2,0,1,0.18,0,3,0,0,0,0,0,0,0,0,0,0,0.02,0,0,0,0,0.4,0,0,0,0,0,0,0,0,0,0,0,0,0,0.27,0,0,0,0.69
6/07/2014,9:42:22 AM,Craig and berilin,-25.60036382,153.0941521,40-60m,45,Upslope,0,0,0,NA,NA,0.25,1,2,0,0,0,0,0,0,1,0,0,0,0,0,0,0,0,0.7,0,0.02,0,0,0,0,0,0,0,0,0,0,0,0,0,0,0,0.72
6/07/2014,9:45:17 AM,Craig and berilin,-25.60040446,153.0941258,40-60m,50,Downslope,0,0,0,NA,NA,0.2,3,1,1,0,0,0,0,1,1,0,0,0,0,0,0,0,0,0.05,0,0,0,0,0,0,0,0,0,0,0,0,0,0,0,0,0,0.05
6/07/2014,9:53:05 AM,Craig and berilin,-25.60040375,153.0941188,40-60m,55,Downslope,0,1,1,0,1,0.2,2,3,0,0,0,0,0,1,1,0,0,0,0,0,0,0,0,0.5,0,0,0.06,0,0,0,0,0,0,0,0,0,0,0,0,0.03,0,0.56
6/07/2014,9:57:46 AM,Craig and berilin,-25.60038705,153.0941022,40-60m,60,Trough,0,0,0,NA,NA,0.5,2,3,1,0,0,0,0,1,0,0,0,0,0,0,0,0,0,0.25,0,0,0.08,0,0,0,0,0,0,0,0,0,0,0.08,0,0,0,0.41
6/07/2014,10:04:11 AM,Craig and berilin,-25.6003192,153.0940336,60-80m,65,Trough,0,1,1,0,1,0.4,0,3,0,0,0,0,0,0,0,0,0,0,0,0,0,0,0,0.1,0,0,0.01,0,0,0,0,0,0,0,0,0,0,0,0.4,0,0,0.51
6/07/2014,10:08:31 AM,Craig and berilin,-25.60034493,153.0939117,60-80m,70,Trough,1,0,1,1,1,0.2,1,3,0,0,0,0,0,0,0,1,0,0,0,0,0,0,0,0.25,0,0,0,0,0,0,0,0,0.02,0,0,0,0,0,0.25,0,0,0.52
6/07/2014,8:51:18 AM,bluesers,-25.6000131,153.094673,0-20m,0,Upslope,3,0,0,1,0,0.01,0,1,0,0,0,0,0,0,0,0,0,0,0,0,0,0,0,0,0.02,0,0,0,0,0,0,0,0,0,0,0,0,0,0,0,0,0.02
6/07/2014,8:55:37 AM,bluesers,-25.5999744,153.0946357,0-20m,5,Upslope,0,0,0,NA,NA,0,0,1,0,0,0,0,0,0,0,0,0,0,0,0,0,0,0,0,0.08,0,0,0,0,0,0,0,0,0,0,0,0,0,0,0,0,0.08
6/07/2014,8:57:25 AM,bluesers,-25.59997869,153.0946047,0-20m,10,Upslope,2,0,0,1,0,0.02,0,1,0,0,0,0,0,0,0,0,0,0,0,0,0,0,0,0,0.22,0,0,0,0,0,0,0,0,0,0,0,0,0,0,0,0,0.22
6/07/2014,8:59:44 AM,bluesers,-25.59995006,153.0945697,0-20m,15,Upslope,2,1,0,0.666666667,0,0.01,0,2,0,0,0,0,0,0,0,0,0,0,0.15,0,0,0,0,0,0.32,0,0,0,0,0,0,0,0,0,0,0,0,0,0,0,0,0.47
6/07/2014,9:02:20 AM,bluesers,-25.59995497,153.09456,0-20m,20,Upslope,0,2,0,0,0,0.05,0,3,0,0,0,0,0,0,0,0,0,0,0.1,0,0,0.02,0,0,0.22,0,0,0,0,0,0,0,0,0,0,0,0,0,0,0,0,0.34
6/07/2014,9:10:19 AM,bluesers,-25.59993569,153.0945372,20-40m,25,Crest,1,1,0,0.5,0,0.08,1,1,0,0,0,0,0,0,1,0,0,0,0,0,0,0,0,0,0.27,0,0,0,0,0,0,0,0,0,0,0,0,0,0,0,0,0.27
6/07/2014,9:13:56 AM,bluesers,-25.59994515,153.0945217,20-40m,30,Downslope,0,1,0,0,0,0.26,1,2,0,0,0,0,0,0,1,0,0,0,0,0,0,0,0,0,0.09,0,0,0,0,0,0,0,0,0,0,0,0,0.58,0,0,0,0.67
6/07/2014,9:18:13 AM,bluesers,-25.59993955,153.0945054,20-40m,35,Upslope,0,0,0,NA,NA,0.6,2,2,1,0,0,0,0,0,1,0,0,0,0,0,0,0,0,0,0,0,0,0,0,0,0,0,0,0,0.23,0,0,0.03,0,0,0,0.26
6/07/2014,9:26:28 AM,bluesers,-25.59992954,153.0944821,20-40m,40,Crest,1,0,1,1,1,0.08,1,2,0,0,0,0,0,0,1,0,0,0,0.45,0,0,0,0,0,0,0,0,0,0,0,0,0,0,0,0.32,0,0,0,0,0,0,0.77
6/07/2014,9:29:39 AM,bluesers,-25.59992054,153.0944547,40-60m,45,Downslope,0,3,1,0,0.333333333,0.58,1,1,1,0,0,0,0,0,0,0,0,0,0,0,0,0,0,0,0,0,0,0,0,0,0,0,0,0,0.12,0,0,0,0,0,0,0.12
6/07/2014,9:36:06 AM,bluesers,-25.59992085,153.0944473,40-60m,50,Trough,1,1,2,0.5,1,0.29,1,2,0,0,0,0,0,0,1,0,0,0,0,0,0,0,0,0,0,0,0,0,0,0,0,0,0,0,0.36,0,0,0.53,0,0,0,0.89
6/07/2014,9:39:36 AM,bluesers,-25.59991318,153.0944235,40-60m,55,Trough,0,0,0,NA,NA,0.34,1,2,1,0,0,0,0,0,0,0,0,0,0,0,0,0.52,0,0,0,0,0,0,0,0,0,0,0,0,0.27,0,0,0,0,0,0,0.79
6/07/2014,9:46:42 AM,bluesers,-25.59991512,153.0944065,40-60m,60,Trough,0,1,1,0,1,0.62,1,2,1,0,0,0,0,0,0,0,0,0,0,0,0,0,0,0,0,0,0,0,0,0,0.06,0,0,0,0.47,0,0,0,0,0,0,0.53
6/07/2014,9:53:48 AM,bluesers,-25.59989404,153.0943486,60-80m,65,Trough,0,0,0,NA,NA,0.43,0,3,0,0,0,0,0,0,0,0,0,0,0,0,0,0.03,0,0,0,0,0,0,0,0,0,0,0,0,0.23,0,0,0.18,0,0,0,0.44
6/07/2014,9:58:35 AM,bluesers,-25.59989436,153.0943446,60-80m,70,Trough,0,0,0,NA,NA,0.45,1,5,1,0,0,0,0,0,0,0,0,0,0,0,0,0.08,0,0,0,0,0.1,0,0,0,0,0,0,0,0.45,0,0,0.03,0,0.03,0,0.66
6/07/2014,8:58:11 AM,dune group asio,-25.60025812,153.0945613,0-20m,0,Upslope,0,0,0,NA,NA,0.01,0,1,0,0,0,0,0,0,0,0,0,0,0,0,0,0,0,0,0.04,0,0,0,0,0,0,0,0,0,0,0,0,0,0,0,0,0.04
6/07/2014,8:54:06 AM,dune group asio,NA,NA,0-20m,5,Upslope,0,0,0,NA,NA,0,0,1,0,0,0,0,0,0,0,0,0,0,0,0,0,0,0,0,0.01,0,0,0,0,0,0,0,0,0,0,0,0,0,0,0,0,0.01
6/07/2014,9:02:53 AM,dune group asio,-25.6001848,153.0944931,0-20m,10,Upslope,0,0,0,NA,NA,0,0,1,0,0,0,0,0,0,0,0,0,0,0,0,0,0,0,0,0.02,0,0,0,0,0,0,0,0,0,0,0,0,0,0,0,0,0.02
6/07/2014,9:05:58 AM,dune group asio,-25.60019196,153.094414,0-20m,15,Upslope,0,0,0,NA,NA,0,0,1,0,0,0,0,0,0,0,0,0,0,0,0,0,0,0,0,0.7,0,0,0,0,0,0,0,0,0,0,0,0,0,0,0,0,0.7
6/07/2014,9:09:12 AM,dune group asio,-25.60022084,153.0945509,0-20m,20,Upslope,0,1,0,0,0,0.02,0,2,0,0,0,0,0,0,0,0,0,0,0.03,0,0,0,0,0,0.2,0,0,0,0,0,0,0,0,0,0,0,0,0,0,0,0,0.23
6/07/2014,9:16:00 AM,dune group asio,NA,NA,20-40m,25,Crest,1,1,1,0.5,0.5,0.1,1,2,0,0,0,0,0,0,1,0,0,0,0,0,0,0,0,0,0.08,0,0,0,0,0,0,0,0,0,0,0,0,0.01,0,0,0,0.09
6/07/2014,9:26:57 AM,dune group asio,NA,NA,20-40m,30,Downslope,0,1,0,0,0,0.45,1,3,0,0,0,0,0,0,1,0,0,0,0,0,0,0,0,0,0.08,0,0,0,0,0,0,0,0,0,0.17,0,0,0.2,0,0,0,0.45
6/07/2014,9:34:09 AM,dune group asio,NA,NA,20-40m,35,Trough,0,0,0,NA,NA,0.35,1,1,0,0,0,0,0,0,1,0,0,0,0,0,0,0,0,0,0,0,0,0,0,0,0,0,0,0,0.63,0,0,0,0,0,0,0.63
6/07/2014,9:37:07 AM,dune group asio,NA,NA,20-40m,40,Upslope,0,0,0,NA,NA,0.2,1,5,0,0,0,0,0,0,1,0,0,0,0.25,0,0,0.01,0,0,0.01,0,0,0,0,0,0.1,0,0,0,0.15,0,0,0,0,0,0,0.52
6/07/2014,9:40:25 AM,dune group asio,NA,NA,40-60m,45,Crest,1,0,1,1,1,0.5,1,2,0,0,0,0,0,0,1,0,0,0,0,0,0,0,0,0,0,0,0,0,0,0,0,0,0,0,0.25,0,0,0.15,0,0,0,0.4
6/07/2014,9:43:57 AM,dune group asio,NA,NA,40-60m,50,Downslope,1,1,0,0.5,0,0.15,1,3,0,0,0,0,0,0,1,0,0,0,0,0,0,0,0,0,0,0,0.2,0,0,0,0,0,0,0,0.35,0,0,0.25,0,0,0,0.8
6/07/2014,9:47:01 AM,dune group asio,NA,NA,40-60m,55,Downslope,1,0,1,1,1,0.3,0,3,0,0,0,0,0,0,0,0,0,0,0,0,0,0,0,0,0,0,0.15,0,0,0,0,0,0,0,0.2,0,0,0.2,0,0,0,0.55
6/07/2014,9:54:48 AM,dune group asio,NA,NA,40-60m,60,Trough,0,0,0,NA,NA,0.2,1,2,1,0,0,0,0,0,0,0,0,0,0,0,0,0,0,0,0,0,0.25,0,0,0,0,0,0,0,0.15,0,0,0,0,0,0,0.4
6/07/2014,9:57:09 AM,dune group asio,NA,NA,60-80m,65,Upslope,0,0,0,NA,NA,0.2,1,3,0,0,0,0,0,1,0,0,0,0,0,0,0,0,0,0,0,0,0.1,0,0,0,0,0,0,0,0.4,0,0,0,0.1,0,0,0.6
6/07/2014,9:59:46 AM,dune group asio,NA,NA,60-80m,70,Crest,1,0,1,1,1,0.15,1,3,0,0,0,0,0,1,0,0,0,0,0,0,0,0,0,0,0,0,0.08,0,0,0,0,0,0,0,0.2,0,0,0,0.15,0,0,0.43
6/07/2014,10:04:13 AM,dune group asio,NA,NA,60-80m,75,Crest,0,0,0,NA,NA,0.7,1,3,1,0,0,0,0,0,0,0,0,0,0,0,0,0,0,0,0,0,0.05,0,0,0,0,0,0,0,0.15,0,0,0.1,0,0,0,0.3
6/07/2014,10:06:42 AM,dune group asio,NA,NA,60-80m,80,Crest,0,0,0,NA,NA,0.75,2,2,1,0,0,0,0,1,0,0,0,0,0,0,0,0,0,0,0,0,0,0,0,0,0.02,0,0,0,0.15,0,0,0,0,0,0,0.17
6/07/2014,8:52:00 AM,BKM Dream Team,-25.60083544,153.0943831,0-20m,0,Trough,0,2,0,0,0,0.005,0,0,0,0,0,0,0,0,0,0,0,0,0,0,0,0,0,0,0,0,0,0,0,0,0,0,0,0,0,0,0,0,0,0,0,0
6/07/2014,9:00:41 AM,BKM Dream Team,-25.60083603,153.0943817,0-20m,5,Trough,1,1,0,0.5,0,0.01,0,1,0,0,0,0,0,0,0,0,0,0,0,0,0,0,0,0,0.005,0,0,0,0,0,0,0,0,0,0,0,0,0,0,0,0,0.005
6/07/2014,9:03:45 AM,BKM Dream Team,-25.60083603,153.0943806,0-20m,10,Upslope,1,0,0,1,0,0.01,0,1,0,0,0,0,0,0,0,0,0,0,0,0,0,0,0,0,0.3,0,0,0,0,0,0,0,0,0,0,0,0,0,0,0,0,0.3
6/07/2014,9:07:04 AM,BKM Dream Team,NA,NA,0-20m,15,Upslope,0,1,0,0,0,0,0,2,0,0,0,0,0,0,0,0,0,0,0.05,0,0,0,0,0,0.01,0,0,0,0,0,0,0,0,0,0,0,0,0,0,0,0,0.06
6/07/2014,9:10:33 AM,BKM Dream Team,NA,NA,0-20m,20,Upslope,0,1,1,0,1,0.2,1,1,0,0,0,0,0,0,1,0,0,0,0,0,0,0,0,0,0,0.05,0,0,0,0,0,0,0,0,0,0,0,0,0,0,0,0.05
6/07/2014,9:16:12 AM,BKM Dream Team,NA,NA,20-40m,25,Upslope,0,0,0,NA,NA,0.85,1,3,0,0,0,0,0,0,1,0,0,0,0.05,0,0.05,0,0,0,0,0.05,0,0,0,0,0,0,0,0,0,0,0,0,0,0,0,0.15
6/07/2014,9:23:05 AM,BKM Dream Team,-25.60077461,153.0941267,20-40m,30,Crest,0,0,0,NA,NA,0.3,0,3,0,0,0,0,0,0,0,0,0,0,0,0,0.05,0,0,0,0.05,0,0,0,0,0,0,0,0,0,0,0,0,0.4,0,0,0,0.5
6/07/2014,9:29:00 AM,BKM Dream Team,-25.60076798,153.094123,20-40m,35,Crest,0,2,2,0,1,0.2,0,2,0,0,0,0,0,0,0,0,0,0,0,0,0,0,0,0,0.1,0,0,0,0,0,0,0,0,0,0,0,0,0.05,0,0,0,0.15
6/07/2014,9:33:19 AM,BKM Dream Team,-25.60076489,153.0941181,20-40m,40,Upslope,0,1,1,0,1,0.2,1,2,1,0,0,0,0,0,0,0,0,0,0,0,0,0,0,0,0.15,0,0,0,0,0,0,0,0,0,0,0,0,0.05,0,0,0,0.2
6/07/2014,9:41:50 AM,BKM Dream Team,-25.60082541,153.0941338,40-60m,45,Crest,0,0,0,NA,NA,0.4,0,3,0,0,0,0,0,0,0,0,0,0,0.02,0,0,0,0,0,0.1,0.15,0,0,0,0,0,0,0,0,0,0,0,0,0,0,0,0.27
6/07/2014,9:45:19 AM,BKM Dream Team,-25.60075333,153.0941011,40-60m,50,Downslope,0,0,0,NA,NA,0.1,0,2,0,0,0,0,0,0,0,0,0,0,0,0,0,0,0,0,0,0.8,0.1,0,0,0,0,0,0,0,0,0,0,0,0,0,0,0.9
6/07/2014,9:48:54 AM,BKM Dream Team,NA,NA,40-60m,55,Trough,0,0,0,NA,NA,0.3,1,2,0,0,0,0,0,1,0,0,0,0,0,0,0,0,0,0,0,0.1,0.01,0,0,0,0,0,0,0,0,0,0,0,0,0,0,0.11
6/07/2014,9:53:20 AM,BKM Dream Team,-25.60075186,153.0940987,40-60m,60,Trough,0,2,1,0,0.5,0.3,1,3,0,0,0,0,0,1,0,0,0,0,0,0,0,0,0,0,0,0.2,0.02,0,0,0,0,0,0,0,0,0,0,0.15,0,0,0,0.37
6/07/2014,9:57:21 AM,BKM Dream Team,-25.60074145,153.094092,60-80m,65,Trough,0,1,0,0,0,0.6,2,2,0,0,0,0,0,1,0,0,0,0,0,0,0,0,0,0,0,0.1,0,0,0,0,0,0,0,0,0,0,0,0.1,0,0,0,0.2
6/07/2014,10:03:01 AM,BKM Dream Team,NA,NA,60-80m,70,Trough,0,3,1,0,0.333333333,0.75,2,1,1,0,0,0,0,1,0,0,0,0,0,0,0,0,0,0,0,0.05,0,0,0,0,0,0,0,0,0,0,0,0,0,0,0,0.05
3/07/2014,8:40:25 AM,greencrabs,-25.59598043,153.0959251,0-20m,0,Upslope,0,0,0,NA,NA,0,0,0,0,0,0,0,0,0,0,0,0,0,0,0,0,0,0,0,0,0,0,0,0,0,0,0,0,0,0,0,0,0,0,0,0,0
3/07/2014,8:42:45 AM,greencrabs,-25.59598549,153.0958735,0-20m,5,Upslope,0,0,0,NA,NA,0,0,1,0,0,0,0,0,0,0,0,0,0,0,0,0,0,0,0,0.1,0,0,0,0,0,0,0,0,0,0,0,0,0,0,0,0,0.1
3/07/2014,8:45:04 AM,greencrabs,-25.59595724,153.0958312,0-20m,10,Upslope,0,0,0,NA,NA,0,0,1,0,0,0,0,0,0,0,0,0,0,0,0,0,0,0,0,0.05,0,0,0,0,0,0,0,0,0,0,0,0,0,0,0,0,0.05
3/07/2014,8:47:07 AM,greencrabs,-25.59598278,153.0958099,0-20m,15,Upslope,0,0,0,NA,NA,0,0,1,0,0,0,0,0,0,0,0,0,0,0,0,0,0,0,0,0.05,0,0,0,0,0,0,0,0,0,0,0,0,0,0,0,0,0.05
3/07/2014,8:49:01 AM,greencrabs,-25.59596554,153.0957941,0-20m,20,Crest,0,0,0,NA,NA,0,0,3,0,0,0,0,0,0,0,0,0,0,0,0,0,0,0,0,0.1,0.02,0,0,0,0,0,0,0,0,0,0,0,0.05,0,0,0,0.17
3/07/2014,8:53:10 AM,greencrabs,-25.59595705,153.0957835,20-40m,25,Downslope,2,2,2,0.5,0.5,0,0,3,0,0,0,0,0,0,0,0,0,0,0.05,0,0,0,0,0,0,0.15,0,0,0,0,0,0,0,0,0,0,0,0.8,0,0,0,1
3/07/2014,9:01:11 AM,greencrabs,-25.5959558,153.0957745,20-40m,30,Upslope,1,1,0,0.5,0,0.05,0,3,0,0,0,0,0,0,0,0,0,0,0,0,0,0,0,0.45,0.08,0,0,0,0,0,0,0,0,0,0,0,0,0.05,0,0,0,0.58
3/07/2014,9:11:54 AM,greencrabs,-25.59595437,153.0957669,20-40m,35,Upslope,0,0,0,NA,NA,0.8,0,4,0,0,0,0,0,0,0,0,0,0,0.05,0,0,0,0,0,0,0.05,0.05,0,0,0,0,0,0,0,0,0,0,0.09,0,0,0,0.24
3/07/2014,9:16:23 AM,greencrabs,-25.59594354,153.0957588,20-40m,40,Downslope,0,0,0,NA,NA,0.9,0,1,0,0,0,0,0,0,0,0,0,0,0,0,0,0,0,0,0,0.5,0,0,0,0,0,0,0,0,0,0,0,0,0,0,0,0.5
3/07/2014,9:19:00 AM,greencrabs,-25.59595157,153.095744,40-60m,45,Downslope,0,0,0,NA,NA,0.8,0,3,0,0,0,0,0,0,0,0,0,0,0,0,0,0,0,0,0,0.4,0.03,0,0,0,0,0,0,0,0,0,0,0,0,0.04,0,0.47
3/07/2014,9:23:00 AM,greencrabs,-25.59595284,153.0957377,40-60m,50,Trough,0,1,1,0,1,0.85,0,2,0,0,0,0,0,0,0,0,0,0,0,0,0,0,0,0,0,0.4,0.2,0,0,0,0,0,0,0,0,0,0,0,0,0,0,0.6
3/07/2014,9:29:45 AM,greencrabs,-25.5959552,153.0957344,40-60m,55,Trough,3,2,5,0.6,1,0.9,2,3,1,0,0,0,0,0,1,0,0,0,0,0,0,0,0,0,0,0.3,0,0,0,0,0,0,0,0,0,0,0,0,0.05,0.05,0,0.4
3/07/2014,9:37:11 AM,greencrabs,-25.59596264,153.0957302,40-60m,60,Trough,0,0,0,NA,NA,0.95,0,4,0,0,0,0,0,0,0,0,0,0,0,0,0,0,0,0,0,0.15,0.03,0,0,0,0,0,0,0,0,0,0,0,0.17,0.1,0,0.45
3/07/2014,9:41:55 AM,greencrabs,-25.59595643,153.095728,60-80m,65,Upslope,1,0,1,1,1,0.9,0,0,0,0,0,0,0,0,0,0,0,0,0,0,0,0,0,0,0,0,0,0,0,0,0,0,0,0,0,0,0,0,0,0,0,0
3/07/2014,9:47:35 AM,greencrabs,-25.59595698,153.0957216,60-80m,70,Upslope,1,0,1,1,1,0.25,1,2,0,0,0,0,0,0,1,0,0,0,0,0,0,0,0,0,0,0.2,0,0,0,0,0,0,0,0,0,0,0,0,0.5,0,0,0.7
3/07/2014,9:50:14 AM,greencrabs,-25.59595357,153.0957119,60-80m,75,Upslope,0,1,1,0,1,0.4,0,4,0,0,0,0,0,0,0,0,0,0,0,0,0,0,0,0,0,0.3,0.02,0,0,0,0,0,0,0,0,0,0,0.43,0.2,0,0,0.95
3/07/2014,9:55:16 AM,greencrabs,-25.59595348,153.0957061,60-80m,80,Crest,0,0,0,NA,NA,0.9,0,4,0,0,0,0,0,0,0,0,0,0,0,0,0,0,0,0,0,0.07,0.1,0,0,0,0,0,0,0,0,0,0,0.2,0,0.02,0,0.39
3/07/2014,8:45:18 AM,GG903,-25.59571918,153.0959057,0-20m,0,Upslope,0,0,0,NA,NA,0,0,0,0,0,0,0,0,0,0,0,0,0,0,0,0,0,0,0,0,0,0,0,0,0,0,0,0,0,0,0,0,0,0,0,0,0
3/07/2014,8:47:15 AM,GG903,-25.59572268,153.0959037,0-20m,5,Upslope,0,0,0,NA,NA,0,0,0,0,0,0,0,0,0,0,0,0,0,0,0,0,0,0,0,0,0,0,0,0,0,0,0,0,0,0,0,0,0,0,0,0,0
3/07/2014,8:48:25 AM,GG903,-25.59573301,153.0958958,0-20m,10,Upslope,0,0,0,NA,NA,0,0,1,0,0,0,0,0,0,0,0,0,0,0,0,0,0,0,0,0.01,0,0,0,0,0,0,0,0,0,0,0,0,0,0,0,0,0.01
3/07/2014,8:49:55 AM,GG903,-25.59570676,153.0958585,0-20m,15,Upslope,0,0,0,NA,NA,0,0,1,0,0,0,0,0,0,0,0,0,0,0,0,0,0,0,0,0.11,0,0,0,0,0,0,0,0,0,0,0,0,0,0,0,0,0.11
3/07/2014,8:52:59 AM,GG903,NA,NA,0-20m,20,Crest,0,0,0,NA,NA,0,1,0,0,0,0,0,0,0,1,0,0,0,0,0,0,0,0,0,0,0,0,0,0,0,0,0,0,0,0,0,0,0,0,0,0,0
3/07/2014,8:56:25 AM,GG903,-25.59567606,153.095676,20-40m,25,Trough,0,0,0,NA,NA,0,0,0,0,0,0,0,0,0,0,0,0,0,0,0,0,0,0,0,0,0,0,0,0,0,0,0,0,0,0,0,0,0,0,0,0,0
3/07/2014,8:58:26 AM,GG903,NA,NA,20-40m,30,Upslope,3,0,1,1,0.333333333,0,0,3,0,0,0,0,0,0,0,0,0,0,0.01,0,0,0,0,0,0.28,0,0,0,0,0,0.02,0,0,0,0,0,0,0,0,0,0,0.31
3/07/2014,9:02:23 AM,GG903,-25.59564694,153.0955467,20-40m,35,Crest,0,0,0,NA,NA,0,1,2,0,0,0,0,0,0,1,0,0,0,0,0,0,0,0,0,0,0.15,0.005,0,0,0,0,0,0,0,0,0,0,0,0,0,0,0.155
3/07/2014,9:07:52 AM,GG903,-25.59572204,153.0955671,20-40m,40,Downslope,0,1,1,0,1,0,0,1,0,0,0,0,0,0,0,0,0,0,0,0,0,0,0,0,0,0,0.98,0,0,0,0,0,0,0,0,0,0,0,0,0,0,0.98
3/07/2014,9:11:57 AM,GG903,-25.59566857,153.0954842,40-60m,45,Downslope,0,0,0,NA,NA,0.37,0,1,0,0,0,0,0,0,0,0,0,0,0,0,0,0,0,0,0,0.49,0,0,0,0,0,0,0,0,0,0,0,0,0,0,0,0.49
3/07/2014,9:14:15 AM,GG903,-25.59569038,153.0954347,40-60m,50,Trough,0,0,0,NA,NA,0.81,0,2,0,0,0,0,0,0,0,0,0,0,0,0,0,0,0,0,0,0.48,0,0,0,0,0,0,0,0,0,0,0,0,0,0,0,0.48
3/07/2014,9:17:19 AM,GG903,-25.59570853,153.095427,40-60m,55,Trough,0,0,0,NA,NA,0.97,0,2,0,0,0,0,0,0,0,0,0,0,0,0,0,0,0,0,0,0.18,0.03,0,0,0,0,0,0,0,0,0,0,0,0,0,0,0.21
3/07/2014,9:19:22 AM,GG903,-25.59574122,153.0954451,40-60m,60,Trough,0,1,1,0,1,0.95,0,4,0,0,0,0,0,0,0,0,0,0,0,0,0,0,0,0,0,0.33,0.01,0,0,0,0,0,0,0,0,0,0,0.35,0,0.005,0,0.695
3/07/2014,9:24:26 AM,GG903,-25.5957513,153.095432,60-80m,65,Trough,0,0,0,NA,NA,0.21,0,2,0,0,0,0,0,0,0,0,0,0,0,0,0,0,0,0,0,0.07,0,0,0,0,0,0,0,0,0,0,0,0.68,0,0,0,0.75
3/07/2014,9:31:17 AM,GG903,-25.5957318,153.0954027,60-80m,70,Upslope,0,0,0,NA,NA,0.72,0,2,0,0,0,0,0,0,0,0,0,0,0,0,0,0,0,0,0,0.09,0,0,0,0,0,0,0,0,0,0,0,0,0.22,0,0,0.31
3/07/2014,9:33:19 AM,GG903,-25.59575007,153.0953856,60-80m,75,Upslope,0,0,0,NA,NA,1,0,3,0,0,0,0,0,0,0,0,0,0,0,0,0,0,0,0,0,0.12,0,0,0,0,0,0,0,0,0,0,0,0,0.19,0.05,0,0.36
3/07/2014,9:36:47 AM,GG903,-25.59566817,153.0952799,60-80m,80,Upslope,0,0,0,NA,NA,1,0,2,0,0,0,0,0,0,0,0,0,0,0,0,0,0,0,0,0,0.08,0,0,0,0,0,0,0,0,0,0,0,0,0.02,0,0,0.1
3/07/2014,9:43:16 AM,GG903,-25.59568129,153.0952674,80m-100m,85,Crest,0,2,1,0,0.5,1,0,2,0,0,0,0,0,0,0,0,0,0,0,0,0,0,0,0,0,0.04,0,0,0,0,0,0,0,0,0,0,0,0,0.08,0,0,0.12
3/07/2014,8:41:28 AM,gethey,-25.59598695,153.0957952,0-20m,0,Upslope,0,0,0,NA,NA,0,0,0,0,0,0,0,0,0,0,0,0,0,0,0,0,0,0,0,0,0,0,0,0,0,0,0,0,0,0,0,0,0,0,0,0,0
3/07/2014,8:44:49 AM,gethey,NA,NA,0-20m,5,Upslope,0,0,0,NA,NA,0,0,0,0,0,0,0,0,0,0,0,0,0,0,0,0,0,0,0,0,0,0,0,0,0,0,0,0,0,0,0,0,0,0,0,0,0
3/07/2014,8:46:36 AM,gethey,NA,NA,0-20m,10,Upslope,0,0,0,NA,NA,0.02,0,1,0,0,0,0,0,0,0,0,0,0,0,0,0,0,0,0,0.04,0,0,0,0,0,0,0,0,0,0,0,0,0,0,0,0,0.04
3/07/2014,8:48:45 AM,gethey,-25.59579471,153.0959491,0-20m,15,Crest,0,0,0,NA,NA,0.1,0,1,0,0,0,0,0,0,0,0,0,0,0,0,0,0,0,0,0.03,0,0,0,0,0,0,0,0,0,0,0,0,0,0,0,0,0.03
3/07/2014,8:55:54 AM,gethey,-25.59579056,153.0958541,0-20m,20,Crest,0,0,0,NA,NA,0.02,0,0,0,0,0,0,0,0,0,0,0,0,0,0,0,0,0,0,0,0,0,0,0,0,0,0,0,0,0,0,0,0,0,0,0,0
3/07/2014,8:59:10 AM,gethey,-25.59578513,153.0958484,20-40m,25,Trough,0,0,0,NA,NA,0.005,0,1,0,0,0,0,0,0,0,0,0,0,0,0,0,0,0,0,0,0,0,0,0,0,0,0,0,0,0,0,0,0.01,0,0,0,0.01
3/07/2014,9:05:08 AM,gethey,-25.59577809,153.0958435,20-40m,30,Upslope,0,0,0,NA,NA,0.2,0,1,0,0,0,0,0,0,0,0,0,0,0,0,0,0,0,0,0,0,0,0,0,0,0,0,0,0,0.4,0,0,0,0,0,0,0.4
3/07/2014,9:09:26 AM,gethey,-25.59577345,153.0958398,20-40m,35,Upslope,0,0,0,NA,NA,0.45,0,3,0,0,0,0,0,0,0,0,0,0,0,0,0.01,0,0,0,0,0,0,0,0,0,0,0,0,0,0.17,0,0,0.15,0,0,0,0.33
3/07/2014,9:13:43 AM,gethey,-25.59569503,153.0956935,20-40m,40,Downslope,0,0,0,NA,NA,0.5,0,2,0,0,0,0,0,0,0,0,0,0,0,0,0,0,0,0,0,0,0.17,0,0,0,0,0,0,0,0.08,0,0,0,0,0,0,0.25
3/07/2014,9:18:57 AM,gethey,-25.59573094,153.0956179,40-60m,45,Trough,0,0,0,NA,NA,0.7,1,2,1,0,0,0,0,0,0,0,0,0,0,0,0,0,0,0,0,0,0.14,0,0,0,0,0,0,0,0.08,0,0,0,0,0,0,0.22
3/07/2014,9:23:58 AM,gethey,-25.59572442,153.0956118,40-60m,50,Trough,0,0,0,NA,NA,0.55,1,2,1,0,0,0,0,0,0,0,0,0,0,0,0,0,0,0,0,0,0.07,0,0,0,0,0,0,0,0.14,0,0,0,0,0,0,0.21
3/07/2014,9:26:34 AM,gethey,-25.59570921,153.0955842,40-60m,55,Upslope,0,2,2,0,1,0.55,0,2,0,0,0,0,0,0,0,0,0,0,0,0,0,0,0,0,0,0,0,0,0,0,0,0,0,0,0.39,0,0,0,0.06,0,0,0.45
3/07/2014,9:31:35 AM,gethey,-25.59570984,153.0955141,40-60m,60,Trough,1,1,1,0.5,0.5,0.35,0,2,0,0,0,0,0,0,0,0,0,0,0,0,0,0,0,0,0,0,0,0,0,0,0,0,0,0,0.06,0,0,0,0.73,0,0,0.79
3/07/2014,9:35:16 AM,gethey,-25.59572159,153.095478,60-80m,65,Trough,0,2,0,0,0,0.37,0,3,0,0,0,0,0,0,0,0,0,0,0,0,0,0,0,0,0,0,0,0,0,0,0,0,0,0,0,0,0,0.45,0.14,0.02,0,0.61
3/07/2014,9:39:40 AM,gethey,-25.59573858,153.0954395,60-80m,70,Upslope,0,1,1,0,1,0.5,1,3,1,0,0,0,0,0,0,0,0,0,0,0,0,0,0,0,0,0.2,0,0,0,0,0,0,0,0,0.2,0,0,0,0,0.07,0,0.47
3/07/2014,9:43:47 AM,gethey,-25.59575875,153.0953985,60-80m,75,Upslope,0,1,1,0,1,0.4,0,2,0,0,0,0,0,0,0,0,0,0,0,0,0,0,0,0,0,0.4,0,0,0,0,0,0,0,0,0,0,0,0,0,0.02,0,0.42
3/07/2014,9:48:41 AM,gethey,-25.59576784,153.0953509,60-80m,80,Crest,0,2,2,0,1,0.5,1,1,1,0,0,0,0,0,0,0,0,0,0,0,0,0,0,0,0,0.15,0,0,0,0,0,0,0,0,0,0,0,0,0,0,0,0.15
3/07/2014,8:44:35 AM,Annie & Ofalia,-25.59621499,153.095832,0-20m,0,Upslope,0,0,0,NA,NA,0,0,1,0,0,0,0,0,0,0,0,0,0,0,0,0,0,0,0,0.05,0,0,0,0,0,0,0,0,0,0,0,0,0,0,0,0,0.05
3/07/2014,8:48:17 AM,Annie & Ofalia,-25.59623939,153.0957909,0-20m,5,Upslope,0,0,0,NA,NA,0,0,0,0,0,0,0,0,0,0,0,0,0,0,0,0,0,0,0,0,0,0,0,0,0,0,0,0,0,0,0,0,0,0,0,0,0
3/07/2014,8:50:38 AM,Annie & Ofalia,-25.59622973,153.0957817,0-20m,10,Upslope,0,0,0,NA,NA,0.1,0,1,0,0,0,0,0,0,0,0,0,0,0,0,0,0,0,0,0,0,0,0,0,0,0,0,0,0,0,0,0,0,0,0,0,0
3/07/2014,8:52:03 AM,Annie & Ofalia,-25.59622974,153.0957805,0-20m,15,Upslope,0,0,0,NA,NA,0,1,1,0,0,0,0,0,0,1,0,0,0,0,0,0,0,0,0,0.5,0,0,0,0,0,0,0,0,0,0,0,0,0,0,0,0,0.5
3/07/2014,8:56:33 AM,Annie & Ofalia,-25.59620891,153.0957714,0-20m,20,Upslope,0,2,1,0,0.5,0.01,0,2,0,0,0,0,0,0,0,0,0,0,0,0,0,0,0,0,0.4,0,0,0,0,0,0.1,0,0,0,0,0,0,0,0,0,0,0.5
3/07/2014,9:02:46 AM,Annie & Ofalia,-25.59620938,153.0957533,20-40m,25,Downslope,0,0,0,NA,NA,0.05,0,3,0,0,0,0,0,0,0,0,0,0,0,0,0.1,0.3,0,0,0.3,0,0,0,0,0,0,0,0,0,0,0,0,0,0,0,0,0.7
3/07/2014,9:06:55 AM,Annie & Ofalia,-25.59619951,153.0957375,20-40m,30,Upslope,0,1,1,0,1,0.8,1,1,1,0,0,0,0,0,0,0,0,0,0,0,0,0,0,0,0,0.2,0,0,0,0,0,0,0,0,0,0,0,0,0,0,0,0.2
3/07/2014,9:09:52 AM,Annie & Ofalia,-25.5962014,153.0957295,20-40m,35,Crest,0,0,0,NA,NA,0.4,1,1,0,0,0,0,0,0,1,0,0,0,0,0,0,0,0,0,0,0.6,0,0,0,0,0,0,0,0,0,0,0,0,0,0,0,0.6
3/07/2014,9:11:13 AM,Annie & Ofalia,-25.59619861,153.0957223,20-40m,40,Downslope,0,0,0,NA,NA,0.4,1,1,0,0,0,0,0,0,1,0,0,0,0,0,0,0,0,0,0,0.6,0,0,0,0,0,0,0,0,0,0,0,0,0,0,0,0.6
3/07/2014,9:13:26 AM,Annie & Ofalia,-25.59619203,153.0957121,40-60m,45,Trough,0,0,0,NA,NA,0.6,1,1,0,0,0,0,0,0,1,0,0,0,0,0,0,0,0,0,0,0.4,0,0,0,0,0,0,0,0,0,0,0,0,0,0,0,0.4
3/07/2014,9:15:46 AM,Annie & Ofalia,-25.59619084,153.0957,40-60m,50,Trough,0,1,1,0,1,0.8,0,2,0,0,0,0,0,0,0,0,0,0,0,0,0,0,0,0,0,0.1,0.1,0,0,0,0,0,0,0,0,0,0,0,0,0,0,0.2
3/07/2014,9:18:34 AM,Annie & Ofalia,-25.5961889,153.0956944,40-60m,55,Trough,0,0,0,NA,NA,0.8,0,2,0,0,0,0,0,0,0,0,0,0,0,0,0,0,0,0,0,0.05,0.15,0,0,0,0,0,0,0,0,0,0,0,0,0,0,0.2
3/07/2014,9:20:24 AM,Annie & Ofalia,-25.59618813,153.0956889,40-60m,60,Trough,0,0,0,NA,NA,0.1,1,2,1,0,0,0,0,0,0,0,0,0,0,0,0,0,0,0.3,0,0,0,0,0,0,0,0,0,0,0,0,0,0,0.7,0,0,1
3/07/2014,9:29:26 AM,Annie & Ofalia,-25.59616118,153.0956678,60-80m,65,Trough,0,0,0,NA,NA,0.8,0,3,0,0,0,0,0,0,0,0,0,0,0,0,0,0,0,0.1,0,0,0.05,0,0,0,0,0,0,0,0,0,0,0,0,0.05,0,0.2
3/07/2014,9:33:55 AM,Annie & Ofalia,-25.59615881,153.0956641,60-80m,70,Trough,0,0,0,NA,NA,0.8,0,2,0,0,0,0,0,0,0,0,0,0,0,0,0,0,0,0,0,0,0,0,0,0,0,0,0,0,0,0,0,0,0.15,0.05,0,0.2
3/07/2014,9:38:13 AM,Annie & Ofalia,-25.59615522,153.0956503,60-80m,75,Upslope,0,0,0,NA,NA,0.3,0,3,0,0,0,0,0,0,0,0,0,0,0,0,0,0,0,0,0,0,0.02,0,0,0,0,0,0,0,0,0,0,0,0.65,0.03,0,0.7
3/07/2014,9:41:18 AM,Annie & Ofalia,-25.59615314,153.0956393,60-80m,80,Upslope,0,0,0,NA,NA,0.5,1,3,1,0,0,0,0,0,0,0,0,0,0,0,0,0,0,0,0,0,0.1,0,0,0,0,0,0,0,0,0,0,0,0.3,0.1,0,0.5
4/07/2014,8:38:53 AM,tvm,-25.59892786,153.0950892,0-20m,0,Trough,0,0,0,NA,NA,0,0,0,0,0,0,0,0,0,0,0,0,0,0,0,0,0,0,0,0,0,0,0,0,0,0,0,0,0,0,0,0,0,0,0,0,0
4/07/2014,8:48:25 AM,tvm,-25.59891863,153.0950653,0-20m,5,Trough,0,0,0,NA,NA,0,0,0,0,0,0,0,0,0,0,0,0,0,0,0,0,0,0,0,0,0,0,0,0,0,0,0,0,0,0,0,0,0,0,0,0,0
4/07/2014,8:49:47 AM,tvm,-25.59892562,153.0950491,0-20m,10,Upslope,0,0,0,NA,NA,0,0,1,0,0,0,0,0,0,0,0,0,0,0,0,0,0,0,0,0.05,0,0,0,0,0,0,0,0,0,0,0,0,0,0,0,0,0.05
4/07/2014,8:57:30 AM,tvm,-25.59891744,153.0950379,0-20m,15,Upslope,0,0,0,NA,NA,0.001,0,1,0,0,0,0,0,0,0,0,0,0,0,0,0,0,0,0,0.001,0,0,0,0,0,0,0,0,0,0,0,0,0,0,0,0,0.001
4/07/2014,8:58:30 AM,tvm,-25.59891594,153.0949209,0-20m,20,Upslope,0,0,0,NA,NA,0,0,1,0,0,0,0,0,0,0,0,0,0,0,0,0,0,0,0,0.2,0,0,0,0,0,0,0,0,0,0,0,0,0,0,0,0,0.2
4/07/2014,9:02:13 AM,tvm,NA,NA,20-40m,25,Crest,0,1,0,0,0,0,0,1,0,0,0,0,0,0,0,0,0,0,0,0,0,0,0,0,0.16,0,0,0,0,0,0,0,0,0,0,0,0,0,0,0,0,0.16
4/07/2014,9:10:27 AM,tvm,-25.59882378,153.0948027,20-40m,30,Crest,1,0,0,1,0,0.04,0,1,0,0,0,0,0,0,0,0,0,0,0,0,0,0,0,0,0.1,0,0,0,0,0,0,0,0,0,0,0,0,0,0,0,0,0.1
4/07/2014,9:14:18 AM,tvm,-25.59882292,153.0947225,20-40m,35,Crest,1,0,0,1,0,0,0,1,0,0,0,0,0,0,0,0,0,0,0,0,0,0,0,0,0.07,0,0,0,0,0,0,0,0,0,0,0,0,0,0,0,0,0.07
4/07/2014,9:17:00 AM,tvm,-25.59881611,153.094716,20-40m,40,Downslope,0,0,0,NA,NA,0.28,1,3,0,0,0,0,0,0,1,0,0,0,0,0,0,1.00E-04,0,0.2,0.05,0,0,0,0,0,0,0,0,0,0,0,0,0,0,0,0,0.2501
4/07/2014,9:25:40 AM,tvm,-25.59881744,153.0947086,40-60m,45,Upslope,0,0,0,NA,NA,0.94,1,3,0,0,0,0,0,0,1,0,0,0,0.05,0,0,0.05,0,0.23,0,0,0,0,0,0,0,0,0,0,0,0,0,0,0,0,0,0.33
4/07/2014,9:31:20 AM,tvm,-25.59871779,153.0944249,40-60m,50,Crest,0,2,1,0,0.5,0.35,0,4,0,0,0,0,0,0,0,0,0,0,0,0,0,0.02,0,0.3,0,0,0.04,0,1.00E-04,0,0,0,0,0,0,0,0,0,0,0,0,0.3601
4/07/2014,9:43:49 AM,tvm,-25.59872309,153.0944292,40-60m,55,Downslope,1,0,0,1,0,0.8,0,3,0,0,0,0,0,0,0,0,0,0,0,0,0,0.03,0,0.3,0,0,0.15,0,0,0,0,0,0,0,0,0,0,0,0,0,0,0.48
4/07/2014,9:49:33 AM,tvm,-25.59869108,153.0945116,40-60m,60,Downslope,0,0,0,NA,NA,0.9,0,3,0,0,0,0,0,0,0,0,0,0,0,0,0,0.2,0,0,0,0.03,0.03,0,0,0,0,0,0,0,0,0,0,0,0,0,0,0.26
4/07/2014,9:51:18 AM,tvm,-25.59868258,153.0945084,60-80m,65,Trough,2,1,2,0.666666667,0.666666667,0.9,0,3,0,0,0,0,0,0,0,0,0,0,0,0,0,0.1,0,NA,0,0.05,0,0,0,0,0,0,0,0,0,0,0,0,0,0,0,NA
4/07/2014,9:55:38 AM,tvm,NA,NA,60-80m,70,Trough,0,0,0,NA,NA,0.9,0,0,0,0,0,0,0,0,0,0,0,0,0,0,0,0,0,0,0,0,0,0,0,0,0,0,0,0,0,0,0,0,0,0,0,0
4/07/2014,9:56:04 AM,tvm,-25.59866146,153.0944772,60-80m,75,Upslope,0,2,0,0,0,NA,0,2,0,0,0,0,0,0,0,0,0,0,0,0,0,0,0,0.3,0,0,0,0,0,0,0,0,0,0,0,0,0,0.02,0,0,0,0.32
4/07/2014,9:58:16 AM,tvm,-25.5986237,153.0944271,60-80m,80,Upslope,0,0,0,NA,NA,0.7,0,3,0,0,0,0,0,0,0,0,0,0,0,0,0,0,0,0,0,0.02,0,0,0,0,0.05,0,0,0,0.2,0,0,0,0,0,0,0.27
4/07/2014,10:00:44 AM,tvm,-25.59860982,153.0944284,80m-100m,85,Crest,0,0,0,NA,NA,1,0,3,0,0,0,0,0,0,0,0,0,0,0,0,0,0.02,0,0.02,0,0,0,0,0,0,0,0,0.05,0,0,0,0,0,0,0,0,0.09
4/07/2014,10:05:04 AM,tvm,-25.59858616,153.0943923,80m-100m,90,Upslope,0,0,0,NA,NA,1,0,2,0,0,0,0,0,0,0,0,0,0,0,0,0,0,0,0,0,0,0.03,0,0,0,0,0,0,0,0,0,0,0,0.5,0,0,0.53
4/07/2014,8:44:38 AM,JOJ,-25.5984783,153.0949706,0-20m,0,Trough,0,0,0,NA,NA,0,0,0,0,0,0,0,0,0,0,0,0,0,0,0,0,0,0,0,0,0,0,0,0,0,0,0,0,0,0,0,0,0,0,0,0,0
4/07/2014,8:47:12 AM,JOJ,-25.59849312,153.0950053,0-20m,5,Trough,0,1,0,0,0,0,0,0,0,0,0,0,0,0,0,0,0,0,0,0,0,0,0,0,0,0,0,0,0,0,0,0,0,0,0,0,0,0,0,0,0,0
4/07/2014,8:48:24 AM,JOJ,-25.59853502,153.0950532,0-20m,10,Upslope,0,0,0,NA,NA,0,0,0,0,0,0,0,0,0,0,0,0,0,0,0,0,0,0,0,0,0,0,0,0,0,0,0,0,0,0,0,0,0,0,0,0,0
4/07/2014,8:49:34 AM,JOJ,-25.59860487,153.0949504,0-20m,15,Upslope,0,1,0,0,0,0.05,0,1,0,0,0,0,0,0,0,0,0,0,0,0,0,0,0,0,0.3,0,0,0,0,0,0,0,0,0,0,0,0,0,0,0,0,0.3
4/07/2014,8:52:28 AM,JOJ,-25.59859984,153.0949067,0-20m,20,Crest,1,1,0,0.5,0,0,0,1,0,0,0,0,0,0,0,0,0,0,0,0,0,0,0,0,0.2,0,0,0,0,0,0,0,0,0,0,0,0,0,0,0,0,0.2
4/07/2014,8:55:23 AM,JOJ,-25.59860315,153.0949469,20-40m,25,Crest,0,3,0,0,0,0.1,0,3,0,0,0,0,0,0,0,0,0,0,0.01,0,0,0,0,0.02,0.15,0,0,0,0,0,0,0,0,0,0,0,0,0,0,0,0,0.18
4/07/2014,9:02:17 AM,JOJ,-25.59857007,153.0947861,20-40m,30,Crest,1,1,0,0.5,0,0.7,0,2,0,0,0,0,0,0,0,0,0,0,0,0,0,0.01,0,0.2,0,0,0,0,0,0,0,0,0,0,0,0,0,0,0,0,0,0.21
4/07/2014,9:06:18 AM,JOJ,-25.5985605,153.0947102,20-40m,35,Crest,0,0,0,NA,NA,0.95,1,2,0,0,0,0,0,0,1,0,0,0,0,0,0,0,0,0.45,0.02,0,0,0,0,0,0,0,0,0,0,0,0,0,0,0,0,0.47
4/07/2014,9:12:36 AM,JOJ,-25.59878039,153.0948386,20-40m,40,Crest,1,2,1,0.333333333,0.333333333,0.98,1,4,0,0,0,0,0,0,1,0,0,0,0,0,0,0.01,0,0.5,0.1,0,0.005,0,0,0,0,0,0,0,0,0,0,0,0,0,0,0.615
4/07/2014,9:17:51 AM,JOJ,-25.59846278,153.0945926,40-60m,45,Crest,3,0,0,1,0,0.96,1,1,0,0,0,0,0,0,1,0,0,0,0,0,0,0,0,0.1,0,0,0,0,0,0,0,0,0,0,0,0,0,0,0,0,0,0.1
4/07/2014,9:20:36 AM,JOJ,-25.59870107,153.0946909,40-60m,50,Crest,1,2,2,0.333333333,0.666666667,0.4,2,2,1,0,0,0,0,0,1,0,0,0,0,0,0,0.05,0,0.05,0,0,0,0,0,0,0,0,0,0,0,0,0,0,0,0,0,0.1
4/07/2014,9:23:14 AM,JOJ,-25.59845503,153.0946036,40-60m,55,Downslope,0,4,0,0,0,0.05,0,1,0,0,0,0,0,0,0,0,0,0,0,0,0,0,0,0.05,0,0,0,0,0,0,0,0,0,0,0,0,0,0,0,0,0,0.05
4/07/2014,9:25:17 AM,JOJ,-25.59844831,153.0944971,40-60m,60,Trough,0,1,0,0,0,0.5,1,1,0,0,0,0,0,1,0,0,0,0,0,0,0,0,0,0.1,0,0,0,0,0,0,0,0,0,0,0,0,0,0,0,0,0,0.1
4/07/2014,9:29:15 AM,JOJ,-25.59843672,153.0944906,60-80m,65,Trough,1,0,1,1,1,0.95,1,1,0,0,0,0,0,1,0,0,0,0,0,0,0,0,0,0.1,0,0,0,0,0,0,0,0,0,0,0,0,0,0,0,0,0,0.1
4/07/2014,9:31:21 AM,JOJ,-25.59839403,153.0944474,60-80m,70,Trough,0,0,0,NA,NA,0.8,1,2,1,0,0,0,0,0,0,0,0,0,0,0,0,0.04,0,0.15,0,0,0,0,0,0,0,0,0,0,0,0,0,0,0,0,0,0.19
4/07/2014,9:36:14 AM,JOJ,-25.59833174,153.0943988,60-80m,75,Upslope,0,0,0,NA,NA,0.4,0,3,0,0,0,0,0,0,0,0,0,0,0.03,0,0,0.1,0,0.1,0,0,0,0,0,0,0,0,0,0,0,0,0,0,0,0,0,0.23
4/07/2014,9:42:11 AM,JOJ,-25.59812075,153.094342,60-80m,80,Upslope,2,2,2,0.5,0.5,0.75,0,5,0,0,0,0,0,0,0,0,0,0,0.01,0,0,0.1,0,0.15,0,0,0.03,0,0.25,0,0,0,0,0,0,0,0,0,0,0,0,0.54
4/07/2014,9:45:11 AM,JOJ,-25.59834317,153.0943641,80m-100m,85,Crest,0,2,0,0,0,0.6,0,3,0,0,0,0,0,0,0,0,0,0,0,0,0,0,0,0,0,0,0.1,0,0,0,0,0,0,0,0.2,0,0,0,0.15,0,0,0.45
4/07/2014,9:48:04 AM,JOJ,-25.59825019,153.094313,80m-100m,90,Downslope,1,0,0,1,0,0.95,1,2,0,0,0,0,0,1,0,0,0,0,0,0,0,0,0,0.2,0,0,0,0,0,0,0,0,0,0,0,0,0,0,0.3,0,0,0.5
4/07/2014,8:51:07 AM,gal pals,NA,NA,0-20m,0,Upslope,0,0,0,NA,NA,0,0,0,0,0,0,0,0,0,0,0,0,0,0,0,0,0,0,0,0,0,0,0,0,0,0,0,0,0,0,0,0,0,0,0,0,0
4/07/2014,8:46:21 AM,gal pals,-25.59873301,153.0950268,0-20m,5,Upslope,0,0,0,NA,NA,0.01,0,0,0,0,0,0,0,0,0,0,0,0,0,0,0,0,0,0,0,0,0,0,0,0,0,0,0,0,0,0,0,0,0,0,0,0
4/07/2014,8:52:46 AM,gal pals,-25.59875572,153.0950724,0-20m,10,Upslope,1,0,0,1,0,NA,0,1,0,0,0,0,0,0,0,0,0,0,0,0,0,0,0,0,0.05,0,0,0,0,0,0,0,0,0,0,0,0,0,0,0,0,0.05
4/07/2014,8:56:24 AM,gal pals,-25.59872977,153.0949972,0-20m,15,Upslope,0,0,0,NA,NA,0.05,0,1,0,0,0,0,0,0,0,0,0,0,0,0,0,0,0,0,0.5,0,0,0,0,0,0,0,0,0,0,0,0,0,0,0,0,0.5
4/07/2014,9:00:21 AM,gal pals,-25.59872051,153.0949723,0-20m,20,Upslope,1,1,0,0.5,0,0.05,0,1,0,0,0,0,0,0,0,0,0,0,0,0,0,0,0,0,0.3,0,0,0,0,0,0,0,0,0,0,0,0,0,0,0,0,0.3
4/07/2014,9:03:21 AM,gal pals,-25.59869891,153.0949514,20-40m,25,Crest,1,1,1,0.5,0.5,0.4,1,1,0,0,0,0,0,0,1,0,0,0,0,0,0,0,0,0,0.1,0,0,0,0,0,0,0,0,0,0,0,0,0,0,0,0,0.1
4/07/2014,9:05:52 AM,gal pals,-25.59868434,153.0949371,20-40m,30,Crest,0,1,0,0,0,0.8,0,2,0,0,0,0,0,0,0,0,0,0,0,0,0,0.05,0,0,0.15,0,0,0,0,0,0,0,0,0,0,0,0,0,0,0,0,0.2
4/07/2014,9:09:01 AM,gal pals,-25.59868934,153.094919,20-40m,35,Crest,0,1,0,0,0,0.95,0,2,0,0,0,0,0,0,0,0,0,0,0,0,0,0.05,0,0.5,0,0,0,0,0,0,0,0,0,0,0,0,0,0,0,0,0,0.55
4/07/2014,9:12:29 AM,gal pals,-25.59863428,153.0947076,20-40m,40,Trough,0,0,0,NA,NA,0.98,0,2,0,0,0,0,0,0,0,0,0,0,0,0,0,0,0,0.7,0.01,0,0,0,0,0,0,0,0,0,0,0,0,0,0,0,0,0.71
4/07/2014,9:14:14 AM,gal pals,-25.5986138,153.0946859,40-60m,45,Trough,1,0,0,1,0,0.7,0,1,0,0,0,0,0,0,0,0,0,0,0,0,0,0,0,0.7,0,0,0,0,0,0,0,0,0,0,0,0,0,0,0,0,0,0.7
4/07/2014,9:18:00 AM,gal pals,-25.598612,153.0946733,40-60m,50,Crest,0,0,0,NA,NA,1,1,1,0,0,0,0,0,0,1,0,0,0,0,0,0,0,0,0.2,0,0,0,0,0,0,0,0,0,0,0,0,0,0,0,0,0,0.2
4/07/2014,9:19:51 AM,gal pals,-25.59854778,153.0945995,40-60m,55,Downslope,1,1,1,0.5,0.5,0.5,1,1,1,0,0,0,0,0,0,0,0,0,0,0,0,0,0,0.4,0,0,0,0,0,0,0,0,0,0,0,0,0,0,0,0,0,0.4
4/07/2014,9:22:18 AM,gal pals,-25.59852313,153.094598,40-60m,60,Trough,0,2,2,0,1,1,1,3,0,0,0,0,0,0,1,0,0,0,0,0,0,0.05,0,0.35,0,0,0.6,0,0,0,0,0,0,0,0,0,0,0,0,0,0,1
4/07/2014,9:25:15 AM,gal pals,-25.59852413,153.0945597,60-80m,65,Trough,0,0,0,NA,NA,1,1,2,0,0,0,0,0,0,1,0,0,0,0,0,0,0.05,0,0.8,0,0,0,0,0,0,0,0,0,0,0,0,0,0,0,0,0,0.85
4/07/2014,9:27:12 AM,gal pals,-25.59852138,153.0945456,60-80m,70,Trough,1,1,2,0.5,1,0.85,0,3,0,0,0,0,0,0,0,0,0,0,0,0,0,0,0,0.5,0,0.03,0,0,0,0,0,0,0,0,0,0,0,0.2,0,0,0,0.73
4/07/2014,9:30:12 AM,gal pals,-25.5985048,153.0944988,60-80m,75,Trough,0,0,0,NA,NA,1,2,2,1,0,0,0,0,1,0,0,0,0,0,0,0,0,0,0.5,0,0,0,0,0,0,0,0,0,0,0,0,0,0.25,0,0,0,0.75
4/07/2014,9:32:08 AM,gal pals,-25.59845986,153.0944212,60-80m,80,Upslope,1,0,1,1,1,1,1,3,1,0,0,0,0,0,0,0,0,0,0.2,0,0,0,0,0.6,0,0,0,0,0,0,0,0,0,0,0,0,0,0.15,0,0,0,0.95
4/07/2014,9:34:02 AM,gal pals,-25.59844916,153.0943903,80m-100m,85,Upslope,3,1,3,0.75,0.75,0.9,1,3,1,0,0,0,0,0,0,0,0,0,0.25,0,0,0.05,0,0.6,0,0,0,0,0,0,0,0,0,0,0,0,0,0,0,0,0,0.9
4/07/2014,9:36:29 AM,gal pals,-25.5984503,153.0943832,80m-100m,90,Crest,1,0,0,1,0,0.6,0,1,0,0,0,0,0,0,0,0,0,0,0,0,0,0,0,0.5,0,0,0,0,0,0,0,0,0,0,0,0,0,0,0,0,0,0.5
4/07/2014,9:37:36 AM,gal pals,-25.59843319,153.0943284,80m-100m,95,Crest,1,0,0,1,0,0.85,1,2,1,0,0,0,0,0,0,0,0,0,0,0,0,0,0,0.8,0,0,0,0,0,0,0,0,0,0,0,0,0,0.03,0,0,0,0.83
4/07/2014,9:39:09 AM,gal pals,-25.59843241,153.0942938,80m-100m,100,Downslope,0,2,0,0,0,0.4,2,3,1,0,0,0,0,0,1,0,0,0,0,0,0,0,0,0.1,0,0.15,0,0,0,0,0,0,0.05,0,0,0,0,0,0,0,0,0.3
4/07/2014,8:52:26 AM,NS,-25.59901534,153.0949968,0-20m,5,Upslope,0,0,0,NA,NA,0,0,0,0,0,0,0,0,0,0,0,0,0,0,0,0,0,0,0,0,0,0,0,0,0,0,0,0,0,0,0,0,0,0,0,0,0
4/07/2014,8:54:54 AM,NS,-25.5990197,153.0949941,0-20m,10,Upslope,0,0,0,NA,NA,0,0,1,0,0,0,0,0,0,0,0,0,0,0,0,0,0,0,0,0.05,0,0,0,0,0,0,0,0,0,0,0,0,0,0,0,0,0.05
4/07/2014,8:56:44 AM,NS,-25.59901797,153.0949678,0-20m,15,Upslope,0,0,0,NA,NA,0.05,0,1,0,0,0,0,0,0,0,0,0,0,0,0,0,0,0,0,0.05,0,0,0,0,0,0,0,0,0,0,0,0,0,0,0,0,0.05
4/07/2014,8:58:27 AM,NS,-25.59901773,153.0949531,0-20m,20,Upslope,0,0,0,NA,NA,0,0,1,0,0,0,0,0,0,0,0,0,0,0,0,0,0,0,0,0.15,0,0,0,0,0,0,0,0,0,0,0,0,0,0,0,0,0.15
4/07/2014,9:00:04 AM,NS,-25.59900646,153.0948562,20-40m,25,Upslope,0,0,0,NA,NA,0,0,1,0,0,0,0,0,0,0,0,0,0,0,0,0,0,0,0,0.4,0,0,0,0,0,0,0,0,0,0,0,0,0,0,0,0,0.4
4/07/2014,9:02:20 AM,NS,-25.59890987,153.0947361,20-40m,30,Upslope,0,1,0,0,0,0,0,2,0,0,0,0,0,0,0,0,0,0,0,0,0,0.05,0,0,0.2,0,0,0,0,0,0,0,0,0,0,0,0,0,0,0,0,0.25
4/07/2014,9:07:24 AM,NS,-25.59892662,153.0947268,20-40m,35,Crest,0,1,0,0,0,0.05,0,4,0,0,0,0,0,0,0,0,0,0,0,0,0,0.05,0,0,0.1,0,0,0,0,0,0,0,0,0,0.05,0,0,0.05,0,0,0,0.25
4/07/2014,9:15:17 AM,NS,-25.59889118,153.0946821,20-40m,40,Crest,0,2,0,0,0,0.15,0,3,0,0,0,0,0,0,0,0,0,0,0,0,0.05,0,0,0,0.05,0,0,0,0,0,0,0,0,0,0.3,0,0,0,0,0,0,0.4
4/07/2014,9:20:14 AM,NS,-25.59893368,153.094688,40-60m,45,Crest,1,0,1,1,1,0.6,0,2,0,0,0,0,0,0,0,0,0,0,0.15,0,0,0,0,0,0,0,0,0,0,0,0,0,0,0,0.2,0,0,0,0,0,0,0.35
4/07/2014,9:25:42 AM,NS,NA,NA,40-60m,50,Crest,1,1,1,0.5,0.5,0.4,1,1,1,0,0,0,0,0,0,0,0,0,0,0,0,0,0,0,0,0,0,0,0,0,0,0,0,0,0.05,0,0,0,0,0,0,0.05
4/07/2014,9:34:28 AM,NS,-25.59882278,153.0945562,40-60m,55,Downslope,1,0,0,1,0,0.15,0,2,0,0,0,0,0,0,0,0,0,0,0,0,0.05,0,0,0,0,0,0,0,0,0,0,0,0,0,0.2,0,0,0,0,0,0,0.25
4/07/2014,9:38:02 AM,NS,-25.59880026,153.0945005,40-60m,60,Downslope,1,1,0,0.5,0,0.1,0,2,0,0,0,0,0,0,0,0,0,0,0,0,0,0,0,0,0,0.05,0,0,0,0,0,0,0,0,0.2,0,0,0,0,0,0,0.25
4/07/2014,9:42:11 AM,NS,-25.59880494,153.0944772,60-80m,65,Trough,1,0,0,1,0,0.75,0,2,0,0,0,0,0,0,0,0,0,0,0,0,0,0,0,0,0,0,0,0,0.1,0,0,0,0,0,0.05,0,0,0,0,0,0,0.15
4/07/2014,9:48:48 AM,NS,-25.59880143,153.0944247,60-80m,70,Trough,0,0,0,NA,NA,0.15,0,3,0,0,0,0,0,0,0,0,0,0,0,0,0.1,0,0,0,0,0.05,0,0,0,0,0,0,0,0,0.1,0,0,0,0,0,0,0.25
4/07/2014,9:52:28 AM,NS,-25.59878309,153.0944207,60-80m,75,Trough,1,1,1,0.5,0.5,0.1,0,3,0,0,0,0,0,0,0,0,0,0,0,0,0,0,0,0,0,0,0,0,0,0,0,0,0,0,0.05,0,0,0.05,0.2,0,0,0.3
4/07/2014,9:32:35 AM,NS,-25.59877633,153.0943571,60-80m,80,Crest,2,0,2,1,1,0.1,0,2,0,0,0,0,0,0,0,0,0,0,0,0,0,0,0,0,0,0,0,0,0.15,0,0,0,0,0,0.2,0,0,0,0,0,0,0.35
5/07/2014,9:51:13 AM,teamo supremo yellow 2,NA,NA,60-80m,70,Upslope,0,0,0,NA,NA,0.9,0,2,0,0,0,0,0,0,0,0,0,0,0,0,0,0,0,0,0,0,0,0,0,0,0,0,0,0,0.6,0,0,0,0.05,0,0,0.65
5/07/2014,9:48:17 AM,teamo supremo yellow 2,NA,NA,60-80m,75,Upslope,1,1,2,0.5,1,1,0,4,0,0,0,0,0,0,0,0,0,0,0,0,0,0,0,0,0,0,0.05,0,0,0,0,0,0,0,0.05,0,0,0,0.2,0.1,0,0.3
5/07/2014,9:46:38 AM,teamo supremo yellow 2,NA,NA,60-80m,80,Upslope,0,2,2,0,1,0.7,0,2,0,0,0,0,0,0,0,0,0,0,0,0,0,0,0,0,0,0,0,0,0,0,0,0,0,0,0.1,0,0,0,0.9,0,0,1
5/07/2014,8:51:17 AM,Lucy and Morgan,NA,NA,0-20m,0,Upslope,2,0,0,1,0,0,0,0,0,0,0,0,0,0,0,0,0,0,0,0,0,0,0,0,0,0,0,0,0,0,0,0,0,0,0,0,0,0,0,0,0,0
5/07/2014,8:58:20 AM,Lucy and Morgan,NA,NA,0-20m,5,Upslope,1,0,0,1,0,0,0,1,0,0,0,0,0,0,0,0,0,0,0,0,0,0,0,0,0.01,0,0,0,0,0,0,0,0,0,0,0,0,0,0,0,0,0.01
5/07/2014,9:00:36 AM,Lucy and Morgan,-25.59522477,153.0961908,0-20m,10,Upslope,0,0,0,NA,NA,0.01,0,1,0,0,0,0,0,0,0,0,0,0,0,0,0,0,0,0,0.2,0,0,0,0,0,0,0,0,0,0,0,0,0,0,0,0,0.2
5/07/2014,9:02:05 AM,Lucy and Morgan,-25.5951997,153.0961871,0-20m,15,Upslope,0,1,0,0,0,0,0,1,0,0,0,0,0,0,0,0,0,0,0,0,0,0,0,0,0.15,0,0,0,0,0,0,0,0,0,0,0,0,0,0,0,0,0.15
5/07/2014,9:04:08 AM,Lucy and Morgan,-25.59519956,153.0961804,0-20m,20,Upslope,0,0,0,NA,NA,0,0,1,0,0,0,0,0,0,0,0,0,0,0,0,0,0,0,0,0.02,0,0,0,0,0,0,0,0,0,0,0,0,0,0,0,0,0.02
5/07/2014,9:05:51 AM,Lucy and Morgan,-25.59520184,153.0961786,20-40m,25,Crest,0,2,0,0,0,0,0,1,0,0,0,0,0,0,0,0,0,0,0,0,0,0,0,0,0.25,0,0,0,0,0,0,0,0,0,0,0,0,0,0,0,0,0.25
5/07/2014,9:11:43 AM,Lucy and Morgan,-25.59513074,153.0961403,20-40m,30,Downslope,0,1,0,0,0,0,0,3,0,0,0,0,0,0,0,0,0,0,0,0,0.02,0,0,0,0.05,0,0,0,0,0,0,0,0,0,0,0,0,0.01,0,0,0,0.08
5/07/2014,9:18:07 AM,Lucy and Morgan,-25.59520783,153.096009,20-40m,35,Upslope,1,2,1,0.333333333,0.333333333,0.05,1,2,0,0,0,0,0,0,1,0,0,0,0,0,0,0,0,0,0.05,0,0,0,0,0,0,0,0,0,0,0,0,0.25,0,0,0,0.3
5/07/2014,9:25:22 AM,Lucy and Morgan,-25.59508914,153.0959339,20-40m,40,Upslope,0,2,1,0,0.5,0.3,1,2,0,0,0,0,0,0,1,0,0,0,0,0,0,0,0,0.06,0,0,0,0,0,0,0,0,0,0,0,0,0,0.25,0,0,0,0.31
5/07/2014,9:32:22 AM,Lucy and Morgan,-25.5950881,153.0958762,40-60m,45,Crest,0,1,0,0,0,0.4,0,3,0,0,0,0,0,0,0,0,0,0,0,0,0,0,0,0.3,0,0,0,0,0,0,0,0,0,0,0.1,0,0,0.2,0,0,0,0.6
5/07/2014,9:37:57 AM,Lucy and Morgan,-25.59509949,153.0958355,40-60m,50,Downslope,0,1,0,0,0,0.05,0,3,0,0,0,0,0,0,0,0,0,0,0,0,0,0.06,0,0.8,0,0,0,0,0,0,0,0,0,0,0.05,0,0,0,0,0,0,0.91
5/07/2014,9:41:08 AM,Lucy and Morgan,-25.59509196,153.0958127,40-60m,55,Trough,0,0,0,NA,NA,0.15,0,2,0,0,0,0,0,0,0,0,0,0,0,0,0,0,0,0.6,0,0,0,0,0,0,0,0,0,0,0.07,0,0,0,0,0,0,0.67
5/07/2014,9:44:29 AM,Lucy and Morgan,-25.59508749,153.0958024,40-60m,60,Trough,0,0,0,NA,NA,0.6,0,4,0,0,0,0,0,0,0,0,0,0,0.02,0,0,0,0,0.3,0,0,0,0,0,0,0,0,0,0,0.03,0,0,0,0,0.02,0,0.35
5/07/2014,9:49:45 AM,Lucy and Morgan,-25.59503265,153.0957166,60-80m,65,Upslope,0,2,1,0,0.5,0.4,0,3,0,0,0,0,0,0,0,0,0,0,0,0,0,0,0,0.25,0,0,0,0,0,0,0,0,0,0,0.02,0,0,0,0.15,0,0,0.42
5/07/2014,8:46:39 AM,haydencherrymaria,NA,NA,0-20m,0,Trough,0,0,0,NA,NA,0,0,0,0,0,0,0,0,0,0,0,0,0,0,0,0,0,0,0,0,0,0,0,0,0,0,0,0,0,0,0,0,0,0,0,0,0
5/07/2014,8:51:38 AM,haydencherrymaria,-25.59531733,153.0961438,0-20m,5,Trough,0,0,0,NA,NA,0,0,0,0,0,0,0,0,0,0,0,0,0,0,0,0,0,0,0,0,0,0,0,0,0,0,0,0,0,0,0,0,0,0,0,0,0
5/07/2014,8:55:42 AM,haydencherrymaria,-25.59530884,153.0961358,0-20m,10,Upslope,0,1,0,0,0,0.01,0,1,0,0,0,0,0,0,0,0,0,0,0,0,0,0,0,0,0.06,0,0,0,0,0,0,0,0,0,0,0,0,0,0,0,0,0.06
5/07/2014,8:58:52 AM,haydencherrymaria,-25.59563253,153.0958317,0-20m,15,Upslope,0,0,0,NA,NA,0.06,0,0,0,0,0,0,0,0,0,0,0,0,0,0,0,0,0,0,0,0,0,0,0,0,0,0,0,0,0,0,0,0,0,0,0,0
5/07/2014,9:00:53 AM,haydencherrymaria,-25.59537775,153.0960937,0-20m,20,Downslope,0,0,0,NA,NA,0,1,2,0,0,0,0,0,0,1,0,0,0,0,0,0,0,0,0.05,0,0,0,0,0,0,0,0,0,0,0,0,0,0.02,0,0,0,0.07
5/07/2014,9:08:42 AM,haydencherrymaria,-25.59545004,153.0960501,20-40m,25,Crest,0,1,1,0,1,0.05,1,2,1,0,0,0,0,0,0,0,0,0,0,0,0,0,0,0,0.2,0,0,0,0,0,0,0,0,0,0,0,0,0.1,0,0,0,0.3
5/07/2014,9:12:36 AM,haydencherrymaria,-25.59542812,153.0960639,20-40m,30,Upslope,1,0,0,1,0,0.15,1,1,0,0,0,0,0,0,1,0,0,0,0,0,0,0,0,0.85,0,0,0,0,0,0,0,0,0,0,0,0,0,0,0,0,0,0.85
5/07/2014,9:22:06 AM,haydencherrymaria,-25.59537266,153.0960989,20-40m,35,Crest,1,0,1,1,1,0.1,0,3,0,0,0,0,0,0,0,0,0,0,0.01,0,0,0,0,0.2,0,0,0,0,0,0,0,0,0,0,0,0,0,0.45,0,0,0,0.66
5/07/2014,9:27:27 AM,haydencherrymaria,-25.59558666,153.0956289,20-40m,40,Crest,0,0,0,NA,NA,0.5,0,2,0,0,0,0,0,0,0,0,0,0,0,0,0,0,0,0.05,0,0,0,0,0,0,0,0,0,0,0,0,0,0.45,0,0,0,0.5
5/07/2014,9:35:35 AM,haydencherrymaria,-25.59553832,153.0956463,40-60m,45,Downslope,4,0,2,1,0.5,0.6,0,2,0,0,0,0,0,0,0,0,0,0,0,0,0,0,0,0.1,0,0,0,0,0,0,0,0,0,0,0,0,0,0,0,0,0,0.1
5/07/2014,9:42:23 AM,haydencherrymaria,-25.59549811,153.0956575,40-60m,50,Downslope,1,3,4,0.25,1,0.5,1,2,0,0,0,0,0,0,1,0,0,0,0,0,0,0,0,0.85,0,0.03,0,0,0,0,0,0,0,0,0,0,0,0,0,0,0,0.88
5/07/2014,9:48:41 AM,haydencherrymaria,-25.59547565,153.0956637,40-60m,55,Trough,1,0,1,1,1,0.5,1,3,1,0,0,0,0,0,0,0,0,0,0,0,0,0,0,0.1,0,0,0.5,0,0,0,0,0,0,0,0,0,0,0,0.06,0,0,0.66
5/07/2014,9:55:48 AM,haydencherrymaria,-25.59547952,153.0956612,40-60m,60,Crest,1,0,1,1,1,0.8,1,2,1,0,0,0,0,0,0,0,0,0,0,0,0,0,0,0.05,0,0,0,0,0,0,0,0,0,0,0,0,0,0,0.5,0,0,0.55
5/07/2014,9:59:14 AM,haydencherrymaria,-25.59549559,153.0956558,60-80m,65,Crest,1,0,1,1,1,0.75,1,2,1,0,0,0,0,0,0,0,0,0,0,0,0,0,0,0,0,0.25,0,0,0,0,0,0,0,0,0,0,0,0,0.2,0,0,0.45
5/07/2014,10:01:59 AM,haydencherrymaria,-25.5954937,153.0956545,60-80m,70,Crest,2,1,3,0.666666667,1,0.2,2,2,1,0,0,0,0,0,1,0,0,0,0,0,0,0,0,0,0,0.8,0,0,0,0,0,0,0,0,0,0,0,0,0.1,0,0,0.9
5/07/2014,10:04:47 AM,haydencherrymaria,-25.59554766,153.0953404,60-80m,75,Upslope,0,1,1,0,1,0.95,2,1,1,0,0,0,0,0,1,0,0,0,0,0,0,0,0,0,0,0,0,0,0,0,0,0,0,0,0,0,0,0,0.9,0,0,0.9
5/07/2014,10:02:30 AM,haydencherrymaria,NA,NA,60-80m,80,Upslope,0,1,1,0,1,0.8,0,1,0,0,0,0,0,0,0,0,0,0,0,0,0,0,0,0,0,0,0,0,0,0,0,0,0,0,0,0,0,0,0.4,0,0,0.4
5/07/2014,9:59:44 AM,haydencherrymaria,NA,NA,80m-100m,85,NA,0,0,0,NA,NA,0.8,0,3,0,0,0,0,0,0,0,0,0,0,0,0,0,0,0,0,0,0.05,0,0,0,0,0,0,0,0,0,0,0,0,0.7,0.05,0,0.75
5/07/2014,8:46:06 AM,teamo supremo yellow,-25.59535866,153.0960781,0-20m,0,Upslope,0,2,0,0,0,0,0,0,0,0,0,0,0,0,0,0,0,0,0,0,0,0,0,0,0,0,0,0,0,0,0,0,0,0,0,0,0,0,0,0,0,0
5/07/2014,8:48:49 AM,teamo supremo yellow,-25.59536938,153.0960477,0-20m,5,Upslope,0,2,0,0,0,0,0,1,0,0,0,0,0,0,0,0,0,0,0,0,0,0,0,0,0.4,0,0,0,0,0,0,0,0,0,0,0,0,0,0,0,0,0.4
5/07/2014,8:50:42 AM,teamo supremo yellow,-25.59537283,153.0960145,0-20m,10,Upslope,0,2,0,0,0,0,0,1,0,0,0,0,0,0,0,0,0,0,0,0,0,0,0,0,0.1,0,0,0,0,0,0,0,0,0,0,0,0,0,0,0,0,0.1
5/07/2014,8:51:58 AM,teamo supremo yellow,-25.59535999,153.0960152,0-20m,15,Upslope,1,1,1,0.5,0.5,0,0,1,0,0,0,0,0,0,0,0,0,0,0,0,0,0,0,0,0.1,0,0,0,0,0,0,0,0,0,0,0,0,0,0,0,0,0.1
5/07/2014,8:53:03 AM,teamo supremo yellow,-25.59535022,153.0960152,0-20m,20,Upslope,1,0,1,1,1,0,0,1,0,0,0,0,0,0,0,0,0,0,0,0,0,0,0,0,0.2,0,0,0,0,0,0,0,0,0,0,0,0,0,0,0,0,0.2
5/07/2014,8:55:14 AM,teamo supremo yellow,-25.59542513,153.09582,20-40m,25,Downslope,0,0,0,NA,NA,0,1,1,1,0,0,0,0,0,0,0,0,0,0,0,0,0,0,0,0,0,0,0,0,0,0,0,0,0,0,0,0,0.05,0,0,0,0.05
5/07/2014,8:59:07 AM,teamo supremo yellow,-25.59535519,153.0958317,20-40m,30,Downslope,0,4,0,0,0,0.05,0,3,0,0,0,0,0,0,0,0,0,0,0,0,0,0,0,0.6,0.2,0,0,0,0,0,0,0,0,0,0,0,0,0.4,0,0,0,1.2
5/07/2014,9:03:02 AM,teamo supremo yellow,-25.59532977,153.0958242,20-40m,35,Upslope,0,3,1,0,0.333333333,0,0,3,0,0,0,0,0,0,0,0,0,0,0,0,0,0.05,0,0.4,0,0,0,0,0,0,0,0,0,0,0,0,0,0.1,0,0,0,0.55
5/07/2014,9:05:51 AM,teamo supremo yellow,-25.59530279,153.0958163,20-40m,40,Upslope,0,0,0,NA,NA,0.1,0,2,0,0,0,0,0,0,0,0,0,0,0,0,0,0,0,0,0,0,0,0,0,0,0,0,0,0,0.2,0,0,0.6,0,0,0,0.8
5/07/2014,9:08:31 AM,teamo supremo yellow,-25.59528644,153.095805,40-60m,45,Crest,0,1,0,0,0,0,0,2,0,0,0,0,0,0,0,0,0,0,0.75,0,0,0,0,0,0,0,0,0,0,0,0,0,0,0,0.6,0,0,0,0,0,0,1.35
5/07/2014,9:13:01 AM,teamo supremo yellow,-25.59527853,153.0957892,40-60m,50,Downslope,0,0,0,NA,NA,0.2,0,2,0,0,0,0,0,0,0,0,0,0,0,0,0,0,0,0,0,0,0.1,0,0,0,0,0,0,0,0.9,0,0,0,0,0,0,1
5/07/2014,9:19:16 AM,teamo supremo yellow,NA,NA,40-60m,55,Trough,0,3,1,0,0.333333333,0.5,0,2,0,0,0,0,0,0,0,0,0,0,0,0,0,0,0,0,0,0,0.1,0,0,0,0,0,0,0,0.5,0,0,0,0,0,0,0.6
5/07/2014,9:25:38 AM,teamo supremo yellow,NA,NA,40-60m,60,Trough,1,2,1,0.333333333,0.333333333,0.8,0,2,0,0,0,0,0,0,0,0,0,0,0,0,0,0,0,0,0,0,0.1,0,0,0,0,0,0,0,0.2,0,0,0,0,0,0,0.3
5/07/2014,9:28:42 AM,teamo supremo yellow,-25.59550125,153.0950158,60-80m,65,Upslope,0,2,1,0,0.5,0.4,0,2,0,0,0,0,0,0,0,0,0,0,0,0,0,0,0,0,0,0,0.05,0,0,0,0,0,0,0,1,0,0,0,0,0,0,1.05
5/07/2014,9:31:59 AM,teamo supremo yellow,NA,NA,60-80m,70,Upslope,3,0,3,1,1,0.9,0,2,0,0,0,0,0,0,0,0,0,0,0,0,0,0,0,0,0,0,0,0,0,0,0,0,0,0,0.2,0,0,0,0.5,0,0,0.7
5/07/2014,9:34:36 AM,teamo supremo yellow,NA,NA,60-80m,75,Upslope,2,1,2,0.666666667,0.666666667,0.6,0,3,0,0,0,0,0,0,0,0,0,0,0,0,0,0,0,0,0,0,0,0,0,0,0,0,0,0,0.3,0,0,0,0.1,0.2,0,0.4
5/07/2014,9:39:55 AM,teamo supremo yellow,NA,NA,60-80m,80,Upslope,0,0,0,NA,NA,0.2,0,3,0,0,0,0,0,0,0,0,0,0,0.2,0,0,0,0,0,0,0.8,0,0,0,0,0,0,0,0,0,0,0,0,0,0.1,0,1
5/07/2014,8:41:14 AM,the Hannah's,-25.59497653,153.0962595,0-20m,0,Upslope,0,1,0,0,0,0.01,0,0,0,0,0,0,0,0,0,0,0,0,0,0,0,0,0,0,0,0,0,0,0,0,0,0,0,0,0,0,0,0,0,0,0,0
5/07/2014,8:45:31 AM,the Hannah's,-25.59497182,153.0962557,0-20m,5,Upslope,1,0,0,1,0,0,0,1,0,0,0,0,0,0,0,0,0,0,0,0,0,0,0,0,0.15,0,0,0,0,0,0,0,0,0,0,0,0,0,0,0,0,0.15
5/07/2014,8:47:37 AM,the Hannah's,-25.59496911,153.0962467,0-20m,10,Upslope,0,0,0,NA,NA,0,0,1,0,0,0,0,0,0,0,0,0,0,0,0,0,0,0,0,0.01,0,0,0,0,0,0,0,0,0,0,0,0,0,0,0,0,0.01
5/07/2014,8:48:52 AM,the Hannah's,-25.59497327,153.0962371,0-20m,15,Upslope,0,1,0,0,0,0,0,1,0,0,0,0,0,0,0,0,0,0,0,0,0,0,0,0,0.07,0,0,0,0,0,0,0,0,0,0,0,0,0,0,0,0,0.07
5/07/2014,8:52:17 AM,the Hannah's,-25.59497461,153.0962176,0-20m,20,Crest,0,0,0,NA,NA,0,0,1,0,0,0,0,0,0,0,0,0,0,0,0,0,0,0,0,0.01,0,0,0,0,0,0,0,0,0,0,0,0,0,0,0,0,0.01
5/07/2014,8:53:40 AM,the Hannah's,-25.59497499,153.0962021,20-40m,25,Downslope,0,0,0,NA,NA,0.01,0,2,0,0,0,0,0,0,0,0,0,0,0,0,0,0.05,0,0,0.04,0,0,0,0,0,0,0,0,0,0,0,0,0,0,0,0,0.09
5/07/2014,8:56:10 AM,the Hannah's,-25.59497668,153.0961795,20-40m,30,Trough,0,0,0,NA,NA,0.02,0,2,0,0,0,0,0,0,0,0,0,0,0,0,0,0,0,0,0.06,0,0,0,0,0,0,0,0,0,0,0,0,0.12,0,0,0,0.18
5/07/2014,9:02:42 AM,the Hannah's,-25.59491731,153.0959598,20-40m,35,Upslope,0,0,0,NA,NA,0.13,0,2,0,0,0,0,0,0,0,0,0,0,0,0,0,0,0,0,0.13,0,0,0,0,0,0,0,0,0,0,0,0,0.8,0,0,0,0.93
5/07/2014,9:12:43 AM,the Hannah's,-25.59487303,153.0959102,20-40m,40,Upslope,0,0,0,NA,NA,0.8,1,1,0,0,0,0,0,0,2,0,0,0,0,0,0,0,0,0,0,0,0.17,0,0,0,0,0,0,0,0,0,0,0,0,0,0,0.17
5/07/2014,9:21:29 AM,the Hannah's,-25.59488459,153.095884,40-60m,45,Upslope,0,1,1,0,1,0.84,0,2,0,0,0,0,0,0,0,0,0,0,0,0,0,0,0,0.07,0,0,0.08,0,0,0,0,0,0,0,0,0,0,0,0,0,0,0.15
5/07/2014,9:23:39 AM,the Hannah's,-25.5948561,153.0958139,40-60m,50,Downslope,0,1,0,0,0,0.8,1,2,0,0,0,0,0,0,1,0,0,0,0,0,0,0,0,0.19,0,0,0.01,0,0,0,0,0,0,0,0,0,0,0,0,0,0,0.2
5/07/2014,9:26:38 AM,the Hannah's,-25.5948326,153.0957821,40-60m,55,Downslope,0,1,0,0,0,0.3,1,1,0,0,0,0,0,0,1,0,0,0,0,0,0,0,0,0.7,0,0,0,0,0,0,0,0,0,0,0,0,0,0,0,0,0,0.7
5/07/2014,9:29:12 AM,the Hannah's,-25.59482471,153.0957547,40-60m,60,Trough,1,1,0,0.5,0,0.85,1,2,0,0,0,0,0,0,1,0,0,0,0,0,0,0,0,0.05,0,0,0.05,0,0,0,0,0,0,0,0,0,0,0,0,0,0,0.1
5/07/2014,9:32:09 AM,the Hannah's,-25.59483561,153.0957875,60-80m,65,Trough,NA,NA,NA,NA,NA,0.46,0,4,0,0,0,0,0,0,0,0,0,0,0,0,0,0,0,0.5,0,0,0.02,0,0,0,0,0,0,0,0,0,0,0,0.01,0.01,0,0.53
5/07/2014,9:36:21 AM,the Hannah's,-25.59482988,153.0957628,60-80m,70,Trough,0,0,0,NA,NA,0.8,2,4,1,0,0,0,0,0,1,0,0,0,0,0,0,0,0,0.05,0,0.03,0.01,0,0,0,0,0,0,0,0,0,0,0,0,0,0,0.09
5/07/2014,9:39:48 AM,the Hannah's,-25.59481895,153.0957719,60-80m,75,Upslope,1,0,1,1,1,0.25,1,3,1,0,0,0,0,0,0,0,0,0,0,0,0,0,0,0,0,0.75,0,0,0,0,0,0,0,0,0,0,0,0,0.05,0.1,0,0.8
5/07/2014,9:47:07 AM,the Hannah's,-25.59481591,153.0957573,60-80m,80,Upslope,0,1,1,0,1,NA,0,2,0,0,0,0,0,0,0,0,0,0,0,0,0,0,0,0,0,0.95,0,0,0,0,0,0,0,0,0,0,0,0,0.05,0,0,1
6/07/2014,8:57:11 AM,Craig and berilin,NA,NA,0-20m,0,Upslope,0,NA,0,NA,NA,0.03,0,0,0,0,0,0,0,0,0,0,0,0,0,0,0,0,0,0,0,0,0,0,0,0,0,0,0,0,0,0,0,0,0,0,0,0
6/07/2014,9:02:57 AM,Craig and berilin,NA,NA,0-20m,5,Upslope,1,1,1,0.5,0.5,0.01,0,1,0,0,0,0,0,0,0,0,0,0,0,0,0,0,0,0,0.15,0,0,0,0,0,0,0,0,0,0,0,0,0,0,0,0,0.15
6/07/2014,9:06:40 AM,Craig and berilin,NA,NA,0-20m,10,Upslope,0,0,0,NA,NA,0,0,1,0,0,0,0,0,0,0,0,0,0,0,0,0,0,0,0,0.09,0,0,0,0,0,0,0,0,0,0,0,0,0,0,0,0,0.09
6/07/2014,9:10:34 AM,Craig and berilin,-25.60049721,153.094348,0-20m,15,Upslope,0,1,0,0,0,0.03,0,1,0,0,0,0,0,0,0,0,0,0,0,0,0,0,0,0,0.22,0,0,0,0,0,0,0,0,0,0,0,0,0,0,0,0,0.22
6/07/2014,9:15:19 AM,Craig and berilin,-25.60051083,153.0943412,0-20m,20,Upslope,0,3,0,0,0,0.04,0,2,0,0,0,0,0,0,0,0,0,0,0.13,0,0,0,0,0,0.32,0,0,0,0,0,0,0,0,0,0,0,0,0,0,0,0,0.45
6/07/2014,9:19:47 AM,Craig and berilin,-25.60049608,153.0943343,20-40m,25,Crest,0,2,0,0,0,0.4,1,2,0,0,0,0,0,0,1,0,0,0,0,0,0,0,0,0,0.07,0.01,0,0,0,0,0,0,0,0,0,0,0,0,0,0,0,0.08
6/07/2014,9:24:06 AM,Craig and berilin,-25.60039211,153.0940438,20-40m,30,Crest,0,2,1,0,0.5,0.3,0,2,0,0,0,0,0,0,0,0,0,0,0,0,0,0,0,0,0.2,0.02,0,0,0,0,0,0,0,0,0,0,0,0,0,0,0,0.22
6/07/2014,9:32:06 AM,Craig and berilin,-25.60043203,153.09423,20-40m,35,Trough,0,0,0,NA,NA,0.3,1,2,0,0,0,0,0,0,1,0,0,0,0,0,0,0,0,0.68,0,0.02,0,0,0,0,0,0,0,0,0,0,0,0,0,0,0,0.7
6/07/2014,9:38:28 AM,Craig and berilin,-25.60040161,153.094143,20-40m,40,Upslope,0,2,2,0,1,0.18,0,3,0,0,0,0,0,0,0,0,0,0,0.02,0,0,0,0,0.4,0,0,0,0,0,0,0,0,0,0,0,0,0,0.27,0,0,0,0.69
6/07/2014,9:42:22 AM,Craig and berilin,-25.60036382,153.0941521,40-60m,45,Upslope,0,0,0,NA,NA,0.25,1,2,0,0,0,0,0,0,1,0,0,0,0,0,0,0,0,0.7,0,0.02,0,0,0,0,0,0,0,0,0,0,0,0,0,0,0,0.72
6/07/2014,9:45:17 AM,Craig and berilin,-25.60040446,153.0941258,40-60m,50,Downslope,0,0,0,NA,NA,0.2,3,1,1,0,0,0,0,1,1,0,0,0,0,0,0,0,0,0.05,0,0,0,0,0,0,0,0,0,0,0,0,0,0,0,0,0,0.05
6/07/2014,9:53:05 AM,Craig and berilin,-25.60040375,153.0941188,40-60m,55,Downslope,0,1,1,0,1,0.2,2,3,0,0,0,0,0,1,1,0,0,0,0,0,0,0,0,0.5,0,0,0.06,0,0,0,0,0,0,0,0,0,0,0,0,0.03,0,0.56
6/07/2014,9:57:46 AM,Craig and berilin,-25.60038705,153.0941022,40-60m,60,Trough,0,0,0,NA,NA,0.5,2,3,1,0,0,0,0,1,0,0,0,0,0,0,0,0,0,0.25,0,0,0.08,0,0,0,0,0,0,0,0,0,0,0.08,0,0,0,0.41
6/07/2014,10:04:11 AM,Craig and berilin,-25.6003192,153.0940336,60-80m,65,Trough,0,1,1,0,1,0.4,0,3,0,0,0,0,0,0,0,0,0,0,0,0,0,0,0,0.1,0,0,0.01,0,0,0,0,0,0,0,0,0,0,0,0.4,0,0,0.51
6/07/2014,10:08:31 AM,Craig and berilin,-25.60034493,153.0939117,60-80m,70,Trough,1,0,1,1,1,0.2,1,3,0,0,0,0,0,0,0,1,0,0,0,0,0,0,0,0.25,0,0,0,0,0,0,0,0,0.02,0,0,0,0,0,0.25,0,0,0.52
6/07/2014,8:51:18 AM,bluesers,-25.6000131,153.094673,0-20m,0,Upslope,3,0,0,1,0,0.01,0,1,0,0,0,0,0,0,0,0,0,0,0,0,0,0,0,0,0.02,0,0,0,0,0,0,0,0,0,0,0,0,0,0,0,0,0.02
6/07/2014,8:55:37 AM,bluesers,-25.5999744,153.0946357,0-20m,5,Upslope,0,0,0,NA,NA,0,0,1,0,0,0,0,0,0,0,0,0,0,0,0,0,0,0,0,0.08,0,0,0,0,0,0,0,0,0,0,0,0,0,0,0,0,0.08
6/07/2014,8:57:25 AM,bluesers,-25.59997869,153.0946047,0-20m,10,Upslope,2,0,0,1,0,0.02,0,1,0,0,0,0,0,0,0,0,0,0,0,0,0,0,0,0,0.22,0,0,0,0,0,0,0,0,0,0,0,0,0,0,0,0,0.22
6/07/2014,8:59:44 AM,bluesers,-25.59995006,153.0945697,0-20m,15,Upslope,2,1,0,0.666666667,0,0.01,0,2,0,0,0,0,0,0,0,0,0,0,0.15,0,0,0,0,0,0.32,0,0,0,0,0,0,0,0,0,0,0,0,0,0,0,0,0.47
6/07/2014,9:02:20 AM,bluesers,-25.59995497,153.09456,0-20m,20,Upslope,0,2,0,0,0,0.05,0,3,0,0,0,0,0,0,0,0,0,0,0.1,0,0,0.02,0,0,0.22,0,0,0,0,0,0,0,0,0,0,0,0,0,0,0,0,0.34
6/07/2014,9:10:19 AM,bluesers,-25.59993569,153.0945372,20-40m,25,Crest,1,1,0,0.5,0,0.08,1,1,0,0,0,0,0,0,1,0,0,0,0,0,0,0,0,0,0.27,0,0,0,0,0,0,0,0,0,0,0,0,0,0,0,0,0.27
6/07/2014,9:13:56 AM,bluesers,-25.59994515,153.0945217,20-40m,30,Downslope,0,1,0,0,0,0.26,1,2,0,0,0,0,0,0,1,0,0,0,0,0,0,0,0,0,0.09,0,0,0,0,0,0,0,0,0,0,0,0,0.58,0,0,0,0.67
6/07/2014,9:18:13 AM,bluesers,-25.59993955,153.0945054,20-40m,35,Upslope,0,0,0,NA,NA,0.6,2,2,1,0,0,0,0,0,1,0,0,0,0,0,0,0,0,0,0,0,0,0,0,0,0,0,0,0,0.23,0,0,0.03,0,0,0,0.26
6/07/2014,9:26:28 AM,bluesers,-25.59992954,153.0944821,20-40m,40,Crest,1,0,1,1,1,0.08,1,2,0,0,0,0,0,0,1,0,0,0,0.45,0,0,0,0,0,0,0,0,0,0,0,0,0,0,0,0.32,0,0,0,0,0,0,0.77
6/07/2014,9:29:39 AM,bluesers,-25.59992054,153.0944547,40-60m,45,Downslope,0,3,1,0,0.333333333,0.58,1,1,1,0,0,0,0,0,0,0,0,0,0,0,0,0,0,0,0,0,0,0,0,0,0,0,0,0,0.12,0,0,0,0,0,0,0.12
6/07/2014,9:36:06 AM,bluesers,-25.59992085,153.0944473,40-60m,50,Trough,1,1,2,0.5,1,0.29,1,2,0,0,0,0,0,0,1,0,0,0,0,0,0,0,0,0,0,0,0,0,0,0,0,0,0,0,0.36,0,0,0.53,0,0,0,0.89
6/07/2014,9:39:36 AM,bluesers,-25.59991318,153.0944235,40-60m,55,Trough,0,0,0,NA,NA,0.34,1,2,1,0,0,0,0,0,0,0,0,0,0,0,0,0.52,0,0,0,0,0,0,0,0,0,0,0,0,0.27,0,0,0,0,0,0,0.79
6/07/2014,9:46:42 AM,bluesers,-25.59991512,153.0944065,40-60m,60,Trough,0,1,1,0,1,0.62,1,2,1,0,0,0,0,0,0,0,0,0,0,0,0,0,0,0,0,0,0,0,0,0,0.06,0,0,0,0.47,0,0,0,0,0,0,0.53
6/07/2014,9:53:48 AM,bluesers,-25.59989404,153.0943486,60-80m,65,Trough,0,0,0,NA,NA,0.43,0,3,0,0,0,0,0,0,0,0,0,0,0,0,0,0.03,0,0,0,0,0,0,0,0,0,0,0,0,0.23,0,0,0.18,0,0,0,0.44
6/07/2014,9:58:35 AM,bluesers,-25.59989436,153.0943446,60-80m,70,Trough,0,0,0,NA,NA,0.45,1,5,1,0,0,0,0,0,0,0,0,0,0,0,0,0.08,0,0,0,0,0.1,0,0,0,0,0,0,0,0.45,0,0,0.03,0,0.03,0,0.66
6/07/2014,8:58:11 AM,dune group asio,-25.60025812,153.0945613,0-20m,0,Upslope,0,0,0,NA,NA,0.01,0,1,0,0,0,0,0,0,0,0,0,0,0,0,0,0,0,0,0.04,0,0,0,0,0,0,0,0,0,0,0,0,0,0,0,0,0.04
6/07/2014,8:54:06 AM,dune group asio,NA,NA,0-20m,5,Upslope,0,0,0,NA,NA,0,0,1,0,0,0,0,0,0,0,0,0,0,0,0,0,0,0,0,0.01,0,0,0,0,0,0,0,0,0,0,0,0,0,0,0,0,0.01
6/07/2014,9:02:53 AM,dune group asio,-25.6001848,153.0944931,0-20m,10,Upslope,0,0,0,NA,NA,0,0,1,0,0,0,0,0,0,0,0,0,0,0,0,0,0,0,0,0.02,0,0,0,0,0,0,0,0,0,0,0,0,0,0,0,0,0.02
6/07/2014,9:05:58 AM,dune group asio,-25.60019196,153.094414,0-20m,15,Upslope,0,0,0,NA,NA,0,0,1,0,0,0,0,0,0,0,0,0,0,0,0,0,0,0,0,0.7,0,0,0,0,0,0,0,0,0,0,0,0,0,0,0,0,0.7
6/07/2014,9:09:12 AM,dune group asio,-25.60022084,153.0945509,0-20m,20,Upslope,0,1,0,0,0,0.02,0,2,0,0,0,0,0,0,0,0,0,0,0.03,0,0,0,0,0,0.2,0,0,0,0,0,0,0,0,0,0,0,0,0,0,0,0,0.23
6/07/2014,9:16:00 AM,dune group asio,NA,NA,20-40m,25,Crest,1,1,1,0.5,0.5,0.1,1,2,0,0,0,0,0,0,1,0,0,0,0,0,0,0,0,0,0.08,0,0,0,0,0,0,0,0,0,0,0,0,0.01,0,0,0,0.09
6/07/2014,9:26:57 AM,dune group asio,NA,NA,20-40m,30,Downslope,0,1,0,0,0,0.45,1,3,0,0,0,0,0,0,1,0,0,0,0,0,0,0,0,0,0.08,0,0,0,0,0,0,0,0,0,0.17,0,0,0.2,0,0,0,0.45
6/07/2014,9:34:09 AM,dune group asio,NA,NA,20-40m,35,Trough,0,0,0,NA,NA,0.35,1,1,0,0,0,0,0,0,1,0,0,0,0,0,0,0,0,0,0,0,0,0,0,0,0,0,0,0,0.63,0,0,0,0,0,0,0.63
6/07/2014,9:37:07 AM,dune group asio,NA,NA,20-40m,40,Upslope,0,0,0,NA,NA,0.2,1,5,0,0,0,0,0,0,1,0,0,0,0.25,0,0,0.01,0,0,0.01,0,0,0,0,0,0.1,0,0,0,0.15,0,0,0,0,0,0,0.52
6/07/2014,9:40:25 AM,dune group asio,NA,NA,40-60m,45,Crest,1,0,1,1,1,0.5,1,2,0,0,0,0,0,0,1,0,0,0,0,0,0,0,0,0,0,0,0,0,0,0,0,0,0,0,0.25,0,0,0.15,0,0,0,0.4
6/07/2014,9:43:57 AM,dune group asio,NA,NA,40-60m,50,Downslope,1,1,0,0.5,0,0.15,1,3,0,0,0,0,0,0,1,0,0,0,0,0,0,0,0,0,0,0,0.2,0,0,0,0,0,0,0,0.35,0,0,0.25,0,0,0,0.8
6/07/2014,9:47:01 AM,dune group asio,NA,NA,40-60m,55,Downslope,1,0,1,1,1,0.3,0,3,0,0,0,0,0,0,0,0,0,0,0,0,0,0,0,0,0,0,0.15,0,0,0,0,0,0,0,0.2,0,0,0.2,0,0,0,0.55
6/07/2014,9:54:48 AM,dune group asio,NA,NA,40-60m,60,Trough,0,0,0,NA,NA,0.2,1,2,1,0,0,0,0,0,0,0,0,0,0,0,0,0,0,0,0,0,0.25,0,0,0,0,0,0,0,0.15,0,0,0,0,0,0,0.4
6/07/2014,9:57:09 AM,dune group asio,NA,NA,60-80m,65,Upslope,0,0,0,NA,NA,0.2,1,3,0,0,0,0,0,1,0,0,0,0,0,0,0,0,0,0,0,0,0.1,0,0,0,0,0,0,0,0.4,0,0,0,0.1,0,0,0.6
6/07/2014,9:59:46 AM,dune group asio,NA,NA,60-80m,70,Crest,1,0,1,1,1,0.15,1,3,0,0,0,0,0,1,0,0,0,0,0,0,0,0,0,0,0,0,0.08,0,0,0,0,0,0,0,0.2,0,0,0,0.15,0,0,0.43
6/07/2014,10:04:13 AM,dune group asio,NA,NA,60-80m,75,Crest,0,0,0,NA,NA,0.7,1,3,1,0,0,0,0,0,0,0,0,0,0,0,0,0,0,0,0,0,0.05,0,0,0,0,0,0,0,0.15,0,0,0.1,0,0,0,0.3
6/07/2014,10:06:42 AM,dune group asio,NA,NA,60-80m,80,Crest,0,0,0,NA,NA,0.75,2,2,1,0,0,0,0,1,0,0,0,0,0,0,0,0,0,0,0,0,0,0,0,0,0.02,0,0,0,0.15,0,0,0,0,0,0,0.17
6/07/2014,8:52:00 AM,BKM Dream Team,-25.60083544,153.0943831,0-20m,0,Trough,0,2,0,0,0,0.005,0,0,0,0,0,0,0,0,0,0,0,0,0,0,0,0,0,0,0,0,0,0,0,0,0,0,0,0,0,0,0,0,0,0,0,0
6/07/2014,9:00:41 AM,BKM Dream Team,-25.60083603,153.0943817,0-20m,5,Trough,1,1,0,0.5,0,0.01,0,1,0,0,0,0,0,0,0,0,0,0,0,0,0,0,0,0,0.005,0,0,0,0,0,0,0,0,0,0,0,0,0,0,0,0,0.005
6/07/2014,9:03:45 AM,BKM Dream Team,-25.60083603,153.0943806,0-20m,10,Upslope,1,0,0,1,0,0.01,0,1,0,0,0,0,0,0,0,0,0,0,0,0,0,0,0,0,0.3,0,0,0,0,0,0,0,0,0,0,0,0,0,0,0,0,0.3
6/07/2014,9:07:04 AM,BKM Dream Team,NA,NA,0-20m,15,Upslope,0,1,0,0,0,0,0,2,0,0,0,0,0,0,0,0,0,0,0.05,0,0,0,0,0,0.01,0,0,0,0,0,0,0,0,0,0,0,0,0,0,0,0,0.06
6/07/2014,9:10:33 AM,BKM Dream Team,NA,NA,0-20m,20,Upslope,0,1,1,0,1,0.2,1,1,0,0,0,0,0,0,1,0,0,0,0,0,0,0,0,0,0,0.05,0,0,0,0,0,0,0,0,0,0,0,0,0,0,0,0.05
6/07/2014,9:16:12 AM,BKM Dream Team,NA,NA,20-40m,25,Upslope,0,0,0,NA,NA,0.85,1,3,0,0,0,0,0,0,1,0,0,0,0.05,0,0.05,0,0,0,0,0.05,0,0,0,0,0,0,0,0,0,0,0,0,0,0,0,0.15
6/07/2014,9:23:05 AM,BKM Dream Team,-25.60077461,153.0941267,20-40m,30,Crest,0,0,0,NA,NA,0.3,0,3,0,0,0,0,0,0,0,0,0,0,0,0,0.05,0,0,0,0.05,0,0,0,0,0,0,0,0,0,0,0,0,0.4,0,0,0,0.5
6/07/2014,9:29:00 AM,BKM Dream Team,-25.60076798,153.094123,20-40m,35,Crest,0,2,2,0,1,0.2,0,2,0,0,0,0,0,0,0,0,0,0,0,0,0,0,0,0,0.1,0,0,0,0,0,0,0,0,0,0,0,0,0.05,0,0,0,0.15
6/07/2014,9:33:19 AM,BKM Dream Team,-25.60076489,153.0941181,20-40m,40,Upslope,0,1,1,0,1,0.2,1,2,1,0,0,0,0,0,0,0,0,0,0,0,0,0,0,0,0.15,0,0,0,0,0,0,0,0,0,0,0,0,0.05,0,0,0,0.2
6/07/2014,9:41:50 AM,BKM Dream Team,-25.60082541,153.0941338,40-60m,45,Crest,0,0,0,NA,NA,0.4,0,3,0,0,0,0,0,0,0,0,0,0,0.02,0,0,0,0,0,0.1,0.15,0,0,0,0,0,0,0,0,0,0,0,0,0,0,0,0.27
6/07/2014,9:45:19 AM,BKM Dream Team,-25.60075333,153.0941011,40-60m,50,Downslope,0,0,0,NA,NA,0.1,0,2,0,0,0,0,0,0,0,0,0,0,0,0,0,0,0,0,0,0.8,0.1,0,0,0,0,0,0,0,0,0,0,0,0,0,0,0.9
6/07/2014,9:48:54 AM,BKM Dream Team,NA,NA,40-60m,55,Trough,0,0,0,NA,NA,0.3,1,2,0,0,0,0,0,1,0,0,0,0,0,0,0,0,0,0,0,0.1,0.01,0,0,0,0,0,0,0,0,0,0,0,0,0,0,0.11
6/07/2014,9:53:20 AM,BKM Dream Team,-25.60075186,153.0940987,40-60m,60,Trough,0,2,1,0,0.5,0.3,1,3,0,0,0,0,0,1,0,0,0,0,0,0,0,0,0,0,0,0.2,0.02,0,0,0,0,0,0,0,0,0,0,0.15,0,0,0,0.37
6/07/2014,9:57:21 AM,BKM Dream Team,-25.60074145,153.094092,60-80m,65,Trough,0,1,0,0,0,0.6,2,2,0,0,0,0,0,1,0,0,0,0,0,0,0,0,0,0,0,0.1,0,0,0,0,0,0,0,0,0,0,0,0.1,0,0,0,0.2
6/07/2014,10:03:01 AM,BKM Dream Team,NA,NA,60-80m,70,Trough,0,3,1,0,0.333333333,0.75,2,1,1,0,0,0,0,1,0,0,0,0,0,0,0,0,0,0,0,0.05,0,0,0,0,0,0,0,0,0,0,0,0,0,0,0,0.05
